Player,Jersey,Team,GP,G,A,PTS,PIM,PPG
Connor Callahan,16,Mays Landing Mojo (NBHL NJ(2)),6,10,6,16,2,0
Jack Kendall,12,Cleghorn Crooks (NBHL MA),6,3,10,13,0,0
Sean Joyce,20,Arlington Plague (NBHL D.C),5,7,5,12,4,0
Mike Brandimarto,13,Austin Arsenal (NBHL TX),4,4,7,11,0,0
Evan Souza,5,Providence Iron Stags (NBHL NE),5,2,8,10,4,0
Vinnie Tumminello,4,Penn Hills Battalion (NBHL PIT),6,5,5,10,2,0
Adam Jacque,9,Austin Arsenal (NBHL TX),4,4,5,9,0,0
Austin Avampato,81,Penn Hills Imperium (NBHL PIT),6,7,2,9,16,0
Joel Thompson,22,Mays Landing Mojo (NBHL NJ(2)),6,1,8,9,0,0
Korey Sweeney,7,Penn Hills Battalion (NBHL PIT),6,5,4,9,4,0
Korey Wilson,72,Cleghorn Crooks (NBHL MA),6,5,4,9,0,0
Mike Liberty,19,Mays Landing Mojo (NBHL NJ(2)),6,3,6,9,0,0
Brandon Garneau,88,Cleghorn Crooks (NBHL MA),6,4,4,8,0,0
Denny Schlegel,28,Buffalo 716ers (NBHL BUF),4,4,4,8,0,0
Evan Benedict,54,South Jersey Nights Watch (NBHL NJ),4,6,2,8,0,0
Justin Romano,9,South Jersey Space Pirates (NBHL NJ(2)),5,3,5,8,0,0
Matthew Altomare,77,Mid Jersey Mutants (NBHL NJ(2)),7,6,2,8,4,0
Sam Bowles,24,Maryland Sparks (NBHL D.C),6,5,3,8,2,0
Vincent Talbot,27,Arlington Plague (NBHL D.C),5,5,3,8,2,0
AJ Goetz,14,Arlington Plague (NBHL D.C),5,3,4,7,2,0
Andrew Hildreth,32,Central Mass Sea Bass (NBHL MA),6,4,3,7,4,0
Anquan Smith,16,Penn Hills Imperium (NBHL PIT),5,1,6,7,10,0
Brendan Crousey,14,Penn Hills Imperium (NBHL PIT),6,6,1,7,0,0
Jason Pineo,12,Buffalo Goodfellas (NBHL BUF),4,3,4,7,0,0
Jon Hill,19,Buffalo Goodfellas (NBHL BUF),4,4,3,7,2,0
Marty Bell,68,South Jersey Best Friends (NBHL NJ(2)),4,1,6,7,0,0
Ricky Morang,88,Providence Iron Stags (NBHL NE),5,5,2,7,2,0
Riley Drew,5,Central Mass Sea Bass (NBHL MA),6,3,4,7,0,0
Tyler Midwinter,8,Arlington Plague (NBHL D.C),5,2,5,7,2,0
Wade Wylie,9,Seattle Leafs (NBHL PNW),2,5,2,7,0,0
Chris Chambers,11,Maryland Sparks (NBHL D.C),6,2,4,6,17,0
Cory Fredrickson,81,Cleghorn Crooks (NBHL MA),5,2,4,6,0,0
Denis Hickey,13,Marlton Dawgz (NBHL NJ),5,2,4,6,4,0
Ed Botelho,11,Providence Iron Stags (NBHL NE),5,1,5,6,0,0
Jeremy Wargin,29,Chicago Southsiders (NBHL CHI),3,3,3,6,0,0
Josh Merchant,87,Cleghorn Crooks (NBHL MA),6,4,2,6,0,0
Rob Gruber,69,Providence Iron Stags (NBHL NE),5,4,2,6,4,0
Shawn OConnor,21,Penn Hills Battalion (NBHL PIT),5,3,3,6,0,0
Steve Gregory,23,Pittsburgh Pioneers (NBHL PIT),6,3,3,6,0,0
Andrew Bobst,69,Austin Arsenal (NBHL TX),4,2,3,5,0,0
Bob Housser,90,Central Mass Sea Bass (NBHL MA),6,1,4,5,2,0
Cam Cordio,91,Cleghorn Crooks (NBHL MA),6,3,2,5,0,0
Dane Weir,23,Dallas Fort Worth Marksmen (NBHL TX),4,4,1,5,2,0
Danny Cunningham,24,Penn Hills Imperium (NBHL PIT),5,1,4,5,4,0
Dodge Dillon,9,Central Mass Sea Bass (NBHL MA),6,2,3,5,0,0
Eddie Urban,9,Chicago Southsiders (NBHL CHI),3,3,2,5,2,0
Henry Gardiner,37,Providence Iron Stags (NBHL NE),5,2,3,5,0,0
JD Dutney,16,Cleghorn Crooks (NBHL MA),6,1,4,5,0,0
Justin Hancock,1,Pittsburgh Pioneers (NBHL PIT),6,3,2,5,8,0
Justin Pinkerton,8,Seattle Cold Snacks (NBHL PNW),2,1,4,5,0,0
Luke Malloy,19,Lakeland Caribou (NBHL NJ),5,0,5,5,2,0
Owen Mills,91,Penn Hills Imperium (NBHL PIT),6,0,5,5,2,0
Ryan Kosylo,4,Pittsburgh Pioneers (NBHL PIT),6,5,0,5,10,0
Steve Scian,11,Marlton Dawgz (NBHL NJ),5,3,2,5,2,0
Tommy Bowles,89,Maryland Sparks (NBHL D.C),6,1,4,5,4,0
Zach Lampell,81,Arlington Plague (NBHL D.C),5,0,5,5,10,0
Zach Smith,92,Steel City Show Stoppers (NBHL PIT),2,2,3,5,2,0
Alex Roth,3,Washington D.C Haze (NBHL D.C),3,0,4,4,2,0
Anthony Rubino,2,Maryland Sparks (NBHL D.C),6,2,2,4,4,0
Bradley Bujdos,62,Mon Valley Warbirds (NBHL PIT),3,2,2,4,0,0
Brandon Jones,13,Cleghorn Crooks (NBHL MA),6,2,2,4,2,0
Brenden Persichetti,43,Penn Hills Imperium (NBHL PIT),6,3,1,4,18,0
Brian Penders,3,Buffalo 716ers (NBHL BUF),4,1,3,4,0,0
Christian Masselli,86,Providence Iron Stags (NBHL NE),5,2,2,4,0,0
Collin Mailloux,17,Central Mass Sea Bass (NBHL MA),6,1,3,4,2,0
Connor McStravick,26,Philadelphia Heat (NBHL PHI),2,2,2,4,2,0
Dajon Maye,9,Buffalo Goodfellas (NBHL BUF),4,0,4,4,0,0
Dave Goodnow,7,Providence Iron Stags (NBHL NE),5,2,2,4,2,0
Drew Albright,26,Pitcairn Governors (NBHL PIT),5,2,2,4,4,0
Eric Bland,8,Mid Jersey Mutants (NBHL NJ(2)),7,3,1,4,0,0
Gerald Richardson,4,Central Mass Sea Bass (NBHL MA),6,2,2,4,4,0
Harry Sye,61,Dallas Fort Worth Marksmen (NBHL TX),4,3,1,4,4,0
Jackson Sye,58,Dallas Fort Worth Marksmen (NBHL TX),4,0,4,4,2,0
James Buinicky,9,South Jersey Best Friends (NBHL NJ(2)),4,4,0,4,2,0
Jayson Marbach,21,Philadelphia Heat (NBHL PHI),2,0,4,4,9,0
Jordan Albright,26,Steel City Show Stoppers (NBHL PIT),2,2,2,4,2,0
Justin Dunnivan,29,Pitcairn Governors (NBHL PIT),5,2,2,4,10,0
Kyle Chumsae,22,Central Mass Sea Bass (NBHL MA),6,3,1,4,0,0
Marky Bergamasco,8,Penn Hills Imperium (NBHL PIT),6,2,2,4,2,0
Mason Broomall,28,South Jersey Atlantis (NBHL NJ(2)),2,2,2,4,0,0
Matt Hummell,18,Buffalo 716ers (NBHL BUF),4,3,1,4,2,0
Michael Felsing,93,Pitcairn Governors (NBHL PIT),5,3,1,4,0,0
Mike Stief,17,South Jersey Space Pirates (NBHL NJ(2)),5,3,1,4,0,0
Nick Bruno,56,Penn Hills Battalion (NBHL PIT),6,3,1,4,2,0
Ryan Azar,12,Boston Ball Hockey Team (NBHL MA),2,1,3,4,0,0
Travis Veit,72,South Jersey Space Pirates (NBHL NJ(2)),5,3,1,4,2,0
Tyler Grant,91,South Jersey Space Pirates (NBHL NJ(2)),5,0,4,4,8,0
Tyler Thompson,21,Mays Landing Mojo (NBHL NJ(2)),6,2,2,4,0,0
Zach Hamilton,2,Nickel City Smoke (NBHL BUF),2,1,3,4,0,0
Adam Carvalho,73,South Shore Shamrocks (NBHL NE),3,2,1,3,2,0
Adrian Pinzon,12,Mid Jersey Mutants (NBHL NJ(2)),7,2,1,3,0,0
Alec Nicolai,27,Camden County Cobras (NBHL NJ(2)),1,2,1,3,0,0
Ant Abruzzo,27,Lakeland Caribou (NBHL NJ),5,2,1,3,0,0
Anthony Gambone,0,Marlton Dawgz (NBHL NJ),5,1,2,3,10,0
Anthony Migliozzi,9,Pittsburgh Pioneers (NBHL PIT),6,0,3,3,0,0
Anthony Sanrocco,11,Seattle Cold Snacks (NBHL PNW),2,2,1,3,0,0
Antonio Nevano,10,Arlington Plague (NBHL D.C),4,0,3,3,0,0
Blake Biren,34,Mays Landing Mojo (NBHL NJ(2)),6,0,3,3,0,0
Brad Bey,29,Seattle Cold Snacks (NBHL PNW),2,1,2,3,0,0
Brandon Fisher,12,Austin Arsenal (NBHL TX),4,2,1,3,0,0
Brian Dunford,1,Penn Hills Battalion (NBHL PIT),6,0,3,3,12,0
Cam Green,10,Seattle Cold Snacks (NBHL PNW),2,2,1,3,0,0
Carter Shourds,1,South Jersey Space Pirates (NBHL NJ(2)),5,2,1,3,2,0
Chris Adukaitis,16,Washington D.C Haze (NBHL D.C),3,0,3,3,0,0
Derek Chaves,16,Central Mass Sea Bass (NBHL MA),6,1,2,3,0,0
Devin Iverson,91,Seattle Leafs (NBHL PNW),2,3,0,3,0,0
Doug Sanders,13,Lakeland Caribou (NBHL NJ),5,1,2,3,2,0
Eric Bell,91,South Jersey Best Friends (NBHL NJ(2)),4,2,1,3,0,0
Eric Wynn,92,Austin Arsenal (NBHL TX),4,2,1,3,0,0
Eric Zankel,10,Pittsburgh Pioneers (NBHL PIT),6,1,2,3,0,0
Erik Zak,88,Orange County Wolves (NBHL Cal),2,2,1,3,0,0
Franco Massaro,15,South Shore Shamrocks (NBHL NE),3,2,1,3,0,0
Gabe Ferrara,13,Chicago Raiders (NBHL CHI),2,1,2,3,0,0
Jake Lataille,19,Providence Iron Stags (NBHL NE),5,2,1,3,0,0
Jake Shourds,16,South Jersey Space Pirates (NBHL NJ(2)),5,1,2,3,2,0
Jared Pinter,92,Buffalo 716ers (NBHL BUF),4,2,1,3,2,0
Jason Haines,8,Penn Hills Battalion (NBHL PIT),6,3,0,3,0,0
Jay Sabino,27,Maryland Sparks (NBHL D.C),6,2,1,3,0,0
Jeff Hamlin,82,Central Mass Sea Bass (NBHL MA),6,2,1,3,0,0
Jess Hackett,89,Buffalo 716ers (NBHL BUF),4,1,2,3,2,0
John Camara,33,Southcoast Scrappers (NBHL NE),6,2,1,3,0,0
Jonny Ruiz,24,Marlton Dawgz (NBHL NJ),5,1,2,3,0,0
Josh Faust,50,Pitcairn Governors (NBHL PIT),5,2,1,3,2,0
Josh Jaszcz,13,Buffalo 716ers (NBHL BUF),4,3,0,3,0,0
Joshua Hall,22,Austin Arsenal (NBHL TX),4,1,2,3,0,0
Kevin Hollenbeck,42,Mays Landing Mojo (NBHL NJ(2)),6,3,0,3,0,0
Kevin Roby,8,Maryland Sparks (NBHL D.C),6,0,3,3,4,0
Luke Kovalchuk,97,Mon Valley Warbirds (NBHL PIT),3,3,0,3,2,0
Mark Kourt,9,Washington D.C Haze (NBHL D.C),3,3,0,3,2,0
Mark Szymanski,11,Pittsburgh Pioneers (NBHL PIT),6,1,2,3,0,0
Matthew Hutter,71,Mays Landing Mojo (NBHL NJ(2)),6,2,1,3,0,0
Michael Katz,19,Camden County Cobras (NBHL NJ(2)),2,2,1,3,0,0
Mike Henry,1,Lakeland Caribou (NBHL NJ),5,2,1,3,4,0
Mike Paiva,10,Southcoast Scrappers (NBHL NE),6,1,2,3,12,0
Noah Green,5,Buffalo Goodfellas (NBHL BUF),4,0,3,3,2,0
Pat Sullivan,27,South Shore Shamrocks (NBHL NE),3,2,1,3,0,0
Phil Klitirinos,23,Seattle Cold Snacks (NBHL PNW),2,2,1,3,0,0
Phil Tranter,81,Pittsburgh Pioneers (NBHL PIT),6,1,2,3,0,0
Rick Zimmick,8,Steel City Show Stoppers (NBHL PIT),2,0,3,3,0,0
Ryan Beswick,0,South Jersey Nights Watch (NBHL NJ),4,1,2,3,2,0
Ryan Consolvo,8,Cleghorn Crooks (NBHL MA),6,1,2,3,0,0
Ryan Duggan,94,Boston Ball Hockey Team (NBHL MA),2,3,0,3,0,0
Ryan Zydel,2,Seattle Cold Snacks (NBHL PNW),2,2,1,3,2,0
Sam Wood,26,Seattle Cold Snacks (NBHL PNW),2,1,2,3,0,0
Sean Fasbinder,44,Arlington Plague (NBHL D.C),4,1,2,3,4,0
Steve Bowman,20,South Jersey Best Friends (NBHL NJ(2)),4,2,1,3,0,0
Steve Cader,8,South Jersey Best Friends (NBHL NJ(2)),4,0,3,3,2,0
Steve Stenderowicz,22,Philadelphia Fear (NBHL PHI),2,2,1,3,2,0
Tim Sitar,27,Chicago Dolphins (NBHL CHI),1,3,0,3,0,0
Todd Sacco,99,Mays Landing Mojo (NBHL NJ(2)),6,2,1,3,2,0
Zach Gower,92,South Jersey Nights Watch (NBHL NJ),4,3,0,3,4,0
Alex Higareda,5,South Jersey Nights Watch (NBHL NJ),4,1,1,2,2,0
Alex Marcinkowski,92,Chicago Southsiders (NBHL CHI),3,1,1,2,0,0
Andrew Kramer,19,Pennsylvania Nights Watch (NBHL PHI),2,1,1,2,4,0
Andrew Maas,15,Nickel City Smoke (NBHL BUF),2,2,0,2,0,0
Andrew Trapani,91,Evesham Tortugas (NBHL NJ),1,1,1,2,0,0
Austin Gower,9,South Jersey Nights Watch (NBHL NJ),4,0,2,2,2,0
Austin Yaeger,77,Washington D.C Haze (NBHL D.C),2,1,1,2,2,0
Bernard Richards,3,Harrisburg Hustle (NBHL PHI),2,1,1,2,0,0
Bob Heintz,7,Washington D.C Haze (NBHL D.C),2,1,1,2,0,0
Bobby Sokol,2,Mon Valley Warbirds (NBHL PIT),3,0,2,2,6,0
Brandon Harley,97,Bellmawr Hawks (NBHL NJ),3,2,0,2,2,0
Brenden Bendorf,89,New Jersey Dudes (NBHL NJ(2)),2,0,2,2,0,0
Bryan Kane,2,South Jersey Space Pirates (NBHL NJ(2)),5,1,1,2,2,0
Carl Schoenherr,86,Washington D.C Haze (NBHL D.C),3,1,1,2,0,0
Carlos Luis Arguable Ochoa,30,Seattle Leafs (NBHL PNW),2,1,1,2,0,0
Chase Malloy,97,Pitcairn Governors (NBHL PIT),5,1,1,2,2,0
Chris Thorp,19,Maryland Sparks (NBHL D.C),6,0,2,2,2,0
Christian Magliocco,71,Pittsburgh Pioneers (NBHL PIT),6,1,1,2,0,0
Collin Flanagan,3,Seattle Cold Snacks (NBHL PNW),2,1,1,2,0,0
Conor Barney,81,Austin Arsenal (NBHL TX),4,2,0,2,0,0
Corey Medeiros,10,Austin Arsenal (NBHL TX),4,1,1,2,4,0
Dan Bruner,79,Chicago Raiders (NBHL CHI),2,1,1,2,0,0
Dan Reynolds,17,Falls Church Phantoms (NBHL D.C),2,1,1,2,0,0
Dante Vietro,87,Mid Jersey Mutants (NBHL NJ(2)),7,1,1,2,0,0
Dave Molitierno,44,Pittsburgh Pioneers (NBHL PIT),6,1,1,2,0,0
Dave Norton,65,South Shore Shamrocks (NBHL NE),3,0,2,2,0,0
Derek Benedict,23,South Jersey Nights Watch (NBHL NJ),2,0,2,2,0,0
Dominic Romanini,71,Buffalo Goodfellas (NBHL BUF),4,2,0,2,2,0
Drew Weatherby,28,Bellmawr Hawks (NBHL NJ),3,0,2,2,0,0
Ed Barret,11,South Jersey Nights Watch (NBHL NJ),4,0,2,2,4,0
Eric Zimmerman,77,Bellmawr Hawks (NBHL NJ),3,2,0,2,0,0
Jake Battista,17,Mon Valley Warbirds (NBHL PIT),3,1,1,2,0,0
Jamie Isett,24,Philadelphia Fear (NBHL PHI),2,0,2,2,0,0
Jared Maska,32,South Jersey Nights Watch (NBHL NJ),4,0,2,2,0,0
Jason McGowan,77,Mays Landing Mojo (NBHL NJ(2)),6,1,1,2,0,0
Jason Perry,69,Southcoast Scrappers (NBHL NE),6,0,2,2,2,0
Jason Rocha,3,Southcoast Scrappers (NBHL NE),6,1,1,2,0,0
Jay Stanton,13,South Jersey Space Pirates (NBHL NJ(2)),5,1,1,2,0,0
Jeff Bolf,83,Mays Landing Mojo (NBHL NJ(2)),4,1,1,2,2,0
Jim Booth,96,South Jersey Best Friends (NBHL NJ(2)),4,1,1,2,0,0
Jimmy Kiesel,10,Penn Hills Imperium (NBHL PIT),6,0,2,2,4,0
Joe Hadley,16,Pittsburgh Pioneers (NBHL PIT),4,0,2,2,0,0
Joey Lynch,90,Mays Landing Mojo (NBHL NJ(2)),6,0,2,2,4,0
John Kennedy,28,Pennsylvania Nights Watch (NBHL PHI),2,0,2,2,0,0
Johnny Booth,12,South Jersey Best Friends (NBHL NJ(2)),4,1,1,2,6,0
Jonny Pacheco,52,Southcoast Scrappers (NBHL NE),6,1,1,2,2,0
Josh Woody,16,Maryland Sparks (NBHL D.C),5,1,1,2,8,0
Justin Moynihan,4,Providence Iron Stags (NBHL NE),5,1,1,2,0,0
Karlton Damota,68,Providence Iron Stags (NBHL NE),5,0,2,2,2,0
Keith Ciana,21,Harrisburg Hustle (NBHL PHI),2,1,1,2,7,0
KoKo Suomela,20,Mon Valley Warbirds (NBHL PIT),3,1,1,2,0,0
Luke Jones,17,Boston Ball Hockey Team (NBHL MA),2,2,0,2,0,0
Matt Esposito,10,Nickel City Smoke (NBHL BUF),2,1,1,2,2,0
Matt Grivnovics,16,Philadelphia Heat (NBHL PHI),2,2,0,2,0,0
Matt Levesque,22,Cleghorn Crooks (NBHL MA),6,1,1,2,0,0
Matt Williams,1,Oak Ridge Owls (NBHL MA),2,1,1,2,0,0
Mike DiCampli,25,Delco Demons (NBHL PHI),1,1,1,2,0,0
Mike Malloy,97,Lakeland Caribou (NBHL NJ),5,1,1,2,0,0
Mike Morandi,24,Central Mass Sea Bass (NBHL MA),6,1,1,2,4,0
Mike Phelps,8,Harrisburg Hustle (NBHL PHI),2,2,0,2,7,0
Myles Sylverne,24,Chicago Raiders (NBHL CHI),3,1,1,2,0,0
Nate Taran,46,Falls Church Phantoms (NBHL D.C),2,0,2,2,0,0
Nathan Hardy,11,Austin Arsenal (NBHL TX),4,0,2,2,4,0
Nick Pyznarski,28,Chicago Southsiders (NBHL CHI),3,1,1,2,0,0
Nick Stenderowicz,66,Dallas Fort Worth Marksmen (NBHL TX),4,0,2,2,0,0
Phil Laboda,61,Pitcairn Governors (NBHL PIT),5,2,0,2,0,0
Richey Allen,89,Penn Hills Imperium (NBHL PIT),6,1,1,2,0,0
Robbie Petroccione,37,Boston Ball Hockey Team (NBHL MA),2,0,2,2,0,0
Rohan Ganta,29,Mid Jersey Mutants (NBHL NJ(2)),7,1,1,2,2,0
Roman Rennebeck,75,Steel City Show Stoppers (NBHL PIT),2,2,0,2,4,0
Roy Duttine,15,Pittsburgh Pioneers (NBHL PIT),6,1,1,2,12,0
Scott Bokoski,26,Liverpool Hockey Club (NBHL BUF),2,0,2,2,0,0
Scott Storer,13,Harrisburg Hustle (NBHL PHI),2,1,1,2,0,0
Shane Uhle,90,Chicago Raiders (NBHL CHI),3,1,1,2,0,0
Shawn Evans,9,Pitcairn Governors (NBHL PIT),5,1,1,2,2,0
Steve Carlos,89,Southcoast Scrappers (NBHL NE),6,1,1,2,0,0
Steve Kendall,19,Cleghorn Crooks (NBHL MA),6,1,1,2,0,0
Steve Neven,48,Chicago Southsiders (NBHL CHI),3,2,0,2,0,0
Steve Tomlin,56,Philadelphia Fear (NBHL PHI),2,2,0,2,0,0
Sydnie Fiocca,6,Austin Arsenal (NBHL TX),4,0,2,2,0,0
Taras Chernetskiy,70,Pittsburgh Pioneers (NBHL PIT),4,2,0,2,4,0
Tim Murkland,9,Portland Golden Eagles (NBHL PNW),2,2,0,2,0,0
Tim Ryan,77,Marlton Dawgz (NBHL NJ),5,1,1,2,2,0
Tyler Maher,27,South Jersey Space Pirates (NBHL NJ(2)),5,0,2,2,2,0
Zach Buswell,40,Falls Church Phantoms (NBHL D.C),2,2,0,2,0,0
Zach Smith,61,Penn Hills Imperium (NBHL PIT),5,1,1,2,0,0
AJ Lear,96,Camden County Cobras (NBHL NJ(2)),2,0,1,1,0,0
Adam Wodach,14,Dallas Fort Worth Marksmen (NBHL TX),4,0,1,1,0,0
Aiden Casper,29,Bellmawr Hawks (NBHL NJ),3,0,1,1,2,0
Alex DeYoung,18,Seattle Leafs (NBHL PNW),2,0,1,1,0,0
Amit Mistry,10,Maryland Sparks (NBHL D.C),6,1,0,1,2,0
Andrew Demers,15,Lowell Lizard Kings (NBHL MA),1,1,0,1,2,0
Andrew Dorsey,22,Mon Valley Warbirds (NBHL PIT),3,1,0,1,0,0
Andrew Gullett,36,Dallas Fort Worth Marksmen (NBHL TX),4,0,1,1,2,0
Andrew Mannello,11,South Jersey Best Friends (NBHL NJ(2)),4,1,0,1,0,0
Andrew Pruitt,6,Buffalo 716ers (NBHL BUF),4,0,1,1,0,0
Angelo Koskinas,75,Delco Demons (NBHL PHI),1,0,1,1,2,0
Anthony Sacco,14,South Jersey Space Pirates (NBHL NJ(2)),5,0,1,1,0,0
Arthur Von Wiegand,1,Mid Jersey Mutants (NBHL NJ(2)),7,0,1,1,6,0
Austin Junik,21,Buffalo Goodfellas (NBHL BUF),4,1,0,1,2,0
Bill Little,92,Chicago Dolphins (NBHL CHI),1,0,1,1,0,0
Brandon Bigenho,86,Pittsburgh Pioneers (NBHL PIT),3,0,1,1,0,0
Brandon Gazzo,10,Pitcairn Governors (NBHL PIT),5,1,0,1,0,0
Brandon Hermann,18,Pennsylvania Nights Watch (NBHL PHI),2,1,0,1,0,0
Brandon Melanson,19,Twin City Classics (NBHL MA),1,0,1,1,0,0
Brandon Santiago,88,Buffalo Goodfellas (NBHL BUF),4,0,1,1,2,0
Brendan Blight,13,Pennsylvania Nights Watch (NBHL PHI),2,1,0,1,0,0
Brett Holman,6,Oak Ridge Owls (NBHL MA),2,0,1,1,0,0
Brett Starr,10,South Jersey Best Friends (NBHL NJ(2)),4,0,1,1,0,0
Brian Mcguiness,17,South Jersey Vikings (NBHL NJ(2)),2,1,0,1,0,0
Cal Bertram,8,Pitcairn Governors (NBHL PIT),5,0,1,1,6,0
Cameron Jones,77,Boston Ball Hockey Team (NBHL MA),2,0,1,1,0,0
Charlie Jones,19,Bay Area Bashers (NBHL Cal),1,0,1,1,0,0
Chris Casto,96,Providence Iron Stags (NBHL NE),5,0,1,1,0,0
Chris Charlton,73,Philadelphia Heat (NBHL PHI),2,0,1,1,2,0
Chris Eng,97,Arlington Plague (NBHL D.C),5,0,1,1,2,0
Chris Geisler,1,Liverpool Hockey Club (NBHL BUF),2,1,0,1,2,0
Chris McCambridge,12,Penn Hills Battalion (NBHL PIT),6,0,1,1,0,0
Chris Razza,85,Providence Iron Stags (NBHL NE),5,0,1,1,0,0
Cody Sepe,16,Penn Hills Battalion (NBHL PIT),5,0,1,1,0,0
Cody Smith,10,Buffalo 716ers (NBHL BUF),4,0,1,1,8,0
Colin Devine,49,Evesham Tortugas (NBHL NJ),1,0,1,1,0,0
Colin Downing,31,Penn Hills Imperium (NBHL PIT),3,0,1,1,0,0
Connor Ryan,7,Marlton Dawgz (NBHL NJ),5,0,1,1,2,0
Corey Jablonski,96,Liverpool Hockey Club (NBHL BUF),2,1,0,1,4,0
Dan Berube,15,Boston Ball Hockey Team (NBHL MA),2,1,0,1,0,0
Dan Brady,10,Philadelphia Fear (NBHL PHI),2,0,1,1,0,0
Dan Hendrigan,20,South Shore Shamrocks (NBHL NE),3,0,1,1,0,0
Dan Scaltreto,5,Boston Ball Hockey Team (NBHL MA),2,0,1,1,2,0
Daniel Demarco,4,Philadelphia Powerhouse (NBHL PHI),1,0,1,1,0,0
Danny Donovan,19,Boston Ball Hockey Team (NBHL MA),2,0,1,1,0,0
Danny Tibbrine,10,Mays Landing Mojo (NBHL NJ(2)),6,1,0,1,0,0
Dave Magliocco,83,Pitcairn Governors (NBHL PIT),4,0,1,1,6,0
Dave Parquette,18,Southcoast Scrappers (NBHL NE),6,0,1,1,0,0
David Gray,12,Lakeland Caribou (NBHL NJ),5,0,1,1,0,0
Doug Croteau,2,Cleghorn Crooks (NBHL MA),6,1,0,1,0,0
Eddie Armstrong,89,Chicago Raiders (NBHL CHI),3,0,1,1,0,0
Eddie Swietek,35,Chicago Southsiders (NBHL CHI),2,0,1,1,0,0
Edward Costa,23,Southcoast Scrappers (NBHL NE),6,1,0,1,2,0
Eli Ingram,93,South Jersey Atlantis (NBHL NJ(2)),2,1,0,1,0,0
Eric Hernady,2,Liverpool Hockey Club (NBHL BUF),2,0,1,1,0,0
Eric Krasich,6,Chicago Southsiders (NBHL CHI),3,0,1,1,0,0
Eric Stocklin,2,South Jersey Atlantis (NBHL NJ(2)),2,0,1,1,0,0
Frank Dente,91,Mid Jersey Mutants (NBHL NJ(2)),6,0,1,1,0,0
Frank Facciponti,16,Mid Jersey Mutants (NBHL NJ(2)),6,1,0,1,0,0
Frank Klein,9,Chicago Raiders (NBHL CHI),3,1,0,1,0,0
Gabe Barrera,1,Chicago Raiders (NBHL CHI),3,1,0,1,2,0
Gary Morris,22,Arlington Plague (NBHL D.C),5,1,0,1,0,0
Glenn Williamson,37,Portland Golden Eagles (NBHL PNW),2,0,1,1,0,0
Greg Goe,9,Harrisburg Hustle (NBHL PHI),2,0,1,1,0,0
Harrison Litzinger,12,Penn Hills Imperium (NBHL PIT),6,1,0,1,0,0
Ian Garvin,14,South Jersey Atlantis (NBHL NJ(2)),2,0,1,1,2,0
Jacob Mauro,2,Twin City Classics (NBHL MA),1,0,1,1,0,0
Jake Ferreira,94,Providence Iron Stags (NBHL NE),5,0,1,1,0,0
Jake Schiffman,13,Nickel City Smoke (NBHL BUF),2,0,1,1,0,0
Jamal Adams,66,Harrisburg Hustle (NBHL PHI),2,0,1,1,12,0
James Dillard,3,Portland Golden Eagles (NBHL PNW),2,0,1,1,2,0
Jamie Kerr,21,Austin Arsenal (NBHL TX),4,0,1,1,0,0
Jamie Lorimer,34,Mid Jersey Mutants (NBHL NJ(2)),7,0,1,1,4,0
Jared Bergeron,1,Central Mass Sea Bass (NBHL MA),6,1,0,1,2,0
Jarrod Herschk,20,Steel City Show Stoppers (NBHL PIT),2,0,1,1,0,0
Jason Albright,14,Harrisburg Hustle (NBHL PHI),2,0,1,1,0,0
Jay Soliday,1,Pennsylvania Nights Watch (NBHL PHI),2,1,0,1,6,0
Jeff Krem,29,Portland Golden Eagles (NBHL PNW),2,0,1,1,0,0
Jeremy Ferdette,4,Chicago Raiders (NBHL CHI),2,1,0,1,0,0
Jerry Lynch,77,Cleghorn Crooks (NBHL MA),6,0,1,1,0,0
Jim Gauntt,7,New Jersey Dudes (NBHL NJ(2)),2,1,0,1,2,0
Joe Apicella,4,Oak Ridge Owls (NBHL MA),2,0,1,1,0,0
Joe Galiano,20,Penn Hills Imperium (NBHL PIT),6,0,1,1,2,0
Joe Magosin,8,Mays Landing Mojo (NBHL NJ(2)),6,0,1,1,2,0
Joe Melillo,20,Lakeland Caribou (NBHL NJ),5,1,0,1,0,0
Joey Britz,68,South Jersey Vikings (NBHL NJ(2)),2,1,0,1,0,0
John Dominic,31,Pitcairn Governors (NBHL PIT),5,0,1,1,0,0
John Ferriera,15,Southcoast Scrappers (NBHL NE),6,0,1,1,0,0
John Silva,22,Providence Iron Stags (NBHL NE),5,1,0,1,0,0
Jojo Hussein,9,Nickel City Smoke (NBHL BUF),2,0,1,1,0,0
Jon Bendorf,69,New Jersey Dudes (NBHL NJ(2)),2,0,1,1,0,0
Jon Casper,19,Bellmawr Hawks (NBHL NJ),3,0,1,1,0,0
Jonathan Anderson,6,Burnside Bears (NBHL PNW),1,1,0,1,0,0
Jonathan Gould,28,Boston Ball Hockey Team (NBHL MA),2,0,1,1,0,0
Josh Caron,34,Cleghorn Crooks (NBHL MA),6,0,1,1,0,0
Josh Espinola,16,Lowell Lizard Kings (NBHL MA),1,0,1,1,0,0
Josh Rota,6,South Jersey Vikings (NBHL NJ(2)),2,1,0,1,0,0
Keith Ingram,10,Falls Church Phantoms (NBHL D.C),2,0,1,1,0,0
Kerry Hew,17,Orange County Wolves (NBHL Cal),2,0,1,1,0,0
Kevin Botelho,17,Southcoast Scrappers (NBHL NE),6,1,0,1,0,0
Kyle Brumfield,5,Maryland Sparks (NBHL D.C),5,0,1,1,4,0
Lucas Martins,66,Southcoast Scrappers (NBHL NE),6,0,1,1,2,0
Luke Villano,88,Marlton Dawgz (NBHL NJ),2,0,1,1,0,0
Macky Osherow,16,Evesham Tortugas (NBHL NJ),1,1,0,1,0,0
Marvin Pawlowski,25,Liverpool Hockey Club (NBHL BUF),2,1,0,1,0,0
Matt Candra,18,Chicago Dolphins (NBHL CHI),1,0,1,1,0,0
Matt Caron,97,Oak Ridge Owls (NBHL MA),2,0,1,1,6,0
Matt DeAngelis,41,Pennsylvania Nights Watch (NBHL PHI),2,0,1,1,2,0
Matt Deangelis,61,South Jersey Vikings (NBHL NJ(2)),2,0,1,1,0,0
Matt Hromalik,91,Portland Golden Eagles (NBHL PNW),2,1,0,1,0,0
Matt McCann,94,Bay Area Bashers (NBHL Cal),1,1,0,1,2,0
Matt Nicholson,66,Oak Ridge Owls (NBHL MA),2,0,1,1,0,0
Matt Paradise,44,Steel City Show Stoppers (NBHL PIT),2,0,1,1,0,0
Matt Satterly,27,Washington D.C Haze (NBHL D.C),3,0,1,1,4,0
Matt Tomasic,41,Penn Hills Battalion (NBHL PIT),6,0,1,1,0,0
Max Strang,29,Bay Area Bashers (NBHL Cal),1,0,1,1,0,0
Michael Kennedy,97,Camden County Cobras (NBHL NJ(2)),2,1,0,1,0,0
Michael Wright,25,Mid Jersey Mutants (NBHL NJ(2)),6,1,0,1,0,0
Mike Canazzi,19,Buffalo 716ers (NBHL BUF),4,0,1,1,0,0
Mike Colcord,14,Central Mass Sea Bass (NBHL MA),6,1,0,1,0,0
Mike DeFazio,9,Oak Ridge Owls (NBHL MA),2,1,0,1,0,0
Mike Huber,28,Maryland Sparks (NBHL D.C),4,0,1,1,0,0
Mike Packer,68,South Jersey Atlantis (NBHL NJ(2)),2,1,0,1,0,0
Mike Schiefer,32,Pitcairn Governors (NBHL PIT),5,0,1,1,0,0
Mike Tassos,4,Penn Hills Imperium (NBHL PIT),4,1,0,1,0,0
Mirko Zizka,44,Orange County Wolves (NBHL Cal),2,0,1,1,2,0
Mitch Cratty,6,Falls Church Phantoms (NBHL D.C),2,0,1,1,0,0
Morgan Forsythe,8,Dallas Fort Worth Marksmen (NBHL TX),4,1,0,1,0,0
Nate Belliveau,19,Mid Jersey Mutants (NBHL NJ(2)),6,0,1,1,0,0
Nate Glynn,16,Twin City Classics (NBHL MA),1,1,0,1,0,0
Nick Beard,99,Delco Demons (NBHL PHI),1,1,0,1,0,0
Nick Carter,12,Oak Ridge Owls (NBHL MA),2,1,0,1,0,0
Oliver Shepard,76,Orange County Wolves (NBHL Cal),2,1,0,1,0,0
Pat ODonnell Jr,20,Philadelphia Fear (NBHL PHI),2,1,0,1,2,0
Paul Budlong,25,Orange County Wolves (NBHL Cal),2,0,1,1,0,0
Paul Steinitz,12,Arlington Plague (NBHL D.C),5,1,0,1,2,0
Pete OKeefe,11,Washington D.C Haze (NBHL D.C),2,0,1,1,2,0
Philip Ranaudo,98,Philadelphia Fear (NBHL PHI),2,0,1,1,2,0
Ralph Antonucci,6,Philadelphia Fear (NBHL PHI),2,1,0,1,0,0
Rich Riedling,11,Dallas Fort Worth Marksmen (NBHL TX),4,1,0,1,4,0
Rob Church,6,Nickel City Smoke (NBHL BUF),2,0,1,1,0,0
Robert Lee,4,Nickel City Smoke (NBHL BUF),2,1,0,1,0,0
Roy Camara,4,Southcoast Scrappers (NBHL NE),6,0,1,1,6,0
Ryan Blaum,31,South Jersey Space Pirates (NBHL NJ(2)),5,1,0,1,0,0
Ryan Caster,34,Liverpool Hockey Club (NBHL BUF),2,0,1,1,0,0
Ryan Crossey,91,Penn Hills Battalion (NBHL PIT),4,1,0,1,0,0
Ryan Mains,6,Penn Hills Battalion (NBHL PIT),6,0,1,1,2,0
Ryan McDermott,19,Penn Hills Battalion (NBHL PIT),6,0,1,1,0,0
Ryan Phillips,52,New Jersey Dudes (NBHL NJ(2)),2,1,0,1,0,0
Ryan Rautanen,23,Pennsylvania Nights Watch (NBHL PHI),2,0,1,1,0,0
Ryan Shannon,55,Mon Valley Warbirds (NBHL PIT),3,0,1,1,0,0
Ryan Shaw,18,Mid Jersey Mutants (NBHL NJ(2)),6,0,1,1,0,0
Sam Ansari,88,Belmont Heights Kings (NBHL CHI),1,1,0,1,0,0
Scott Duggan,44,Boston Ball Hockey Team (NBHL MA),2,1,0,1,2,0
Scott LeClere,50,Belmont Heights Kings (NBHL CHI),1,0,1,1,0,0
Scott Powell,0,New Jersey Dudes (NBHL NJ(2)),2,1,0,1,2,0
Scott Shinn,7,Orange County Wolves (NBHL Cal),2,1,0,1,0,0
Sean ODonnel,12,Seattle Leafs (NBHL PNW),2,0,1,1,2,0
Shane Kelley,66,Marlton Dawgz (NBHL NJ),4,0,1,1,2,0
Shane ODonnell,8,Oak Ridge Owls (NBHL MA),2,1,0,1,2,0
Steve Bancroft,84,New Jersey Dudes (NBHL NJ(2)),2,0,1,1,0,0
Steve Bayona,14,Mid Jersey Mutants (NBHL NJ(2)),6,0,1,1,0,0
Steve Manoukian,8,Lowell Lizard Kings (NBHL MA),1,0,1,1,0,0
Steven Bruce,91,Philadelphia Powerhouse (NBHL PHI),1,1,0,1,0,0
TJ Janus,12,Marlton Dawgz (NBHL NJ),5,1,0,1,2,0
Thaddeus Swartzmeyer,26,Buffalo Goodfellas (NBHL BUF),4,1,0,1,2,0
Tom Lepage,7,Southcoast Scrappers (NBHL NE),6,1,0,1,0,0
Tyler Hill,19,Orange County Wolves (NBHL Cal),2,0,1,1,2,0
Tyler Loiselle,11,Lowell Lizard Kings (NBHL MA),1,1,0,1,0,0
Tyler Witiak,33,Harrisburg Hustle (NBHL PHI),2,0,1,1,2,0
Tyler Young,92,New Jersey Dudes (NBHL NJ(2)),2,1,0,1,2,0
Walt Wyrsta,51,Pennsylvania Nights Watch (NBHL PHI),2,1,0,1,0,0
Zac Carlisle,32,Buffalo Goodfellas (NBHL BUF),4,0,1,1,2,0
Zach Andes,0,Marlton Dawgz (NBHL NJ),5,1,0,1,6,0
Zach Pereira,7,South Shore Shamrocks (NBHL NE),3,1,0,1,0,0
Zachary Beswick,11,South Jersey Atlantis (NBHL NJ(2)),2,0,1,1,4,0
Zack Lesher,69,Harrisburg Hustle (NBHL PHI),2,1,0,1,7,0
Aadesh Patel,96,Chicago Southsiders (NBHL CHI),2,0,0,0,0,0
Aaron Belonga,22,Portland Golden Eagles (NBHL PNW),2,0,0,0,0,0
Aaron Biederman,10,California Wildfires (NBHL Cal),1,0,0,0,0,0
Aaron Huffnagle,81,Marlton Dawgz (NBHL NJ),2,0,0,0,0,0
Adam Ghering,81,Falls Church Phantoms (NBHL D.C),2,0,0,0,2,0
Adam McFetridge,16,Mon Valley Warbirds (NBHL PIT),3,0,0,0,0,0
Adam Nero,28,Mon Valley Warbirds (NBHL PIT),3,0,0,0,2,0
Adam Shiring,56,Arlington Plague (NBHL D.C),5,0,0,0,4,0
Aiden Jones,2,Marlton Dawgz (NBHL NJ),5,0,0,0,2,0
Al Schanck,80,Mid Jersey Mutants (NBHL NJ(2)),6,0,0,0,0,0
Alain Savage,41,Red River Hot Sauce (NBHL TX),2,0,0,0,0,0
Alan Klemanchuck,99,Rhode Island Angry Goats (NBHL NE),2,0,0,0,0,0
Alan Luiz,68,Southcoast Scrappers (NBHL NE),6,0,0,0,0,0
Alan Razoky,7,SoCal Royalty (NBHL Cal),2,0,0,0,0,0
Albert Wiggins,25,Red River Hot Sauce (NBHL TX),2,0,0,0,0,0
Alec Gordon,53,Chicago Dolphins (NBHL CHI),1,0,0,0,0,0
Alec Myers,21,Bellmawr Hawks (NBHL NJ),3,0,0,0,2,0
Alessandro Moraca,81,Belmont Heights Kings (NBHL CHI),1,0,0,0,0,0
Alex Helenius,18,Twin City Classics (NBHL MA),1,0,0,0,0,0
Alex Kokoszka,14,Chicago Dolphins (NBHL CHI),1,0,0,0,0,0
Alex Komperda,98,Chicago Dolphins (NBHL CHI),1,0,0,0,0,0
Alex Kwain,72,Chicago Southsiders (NBHL CHI),3,0,0,0,8,0
Alex Lee,7,Buffalo 716ers (NBHL BUF),4,0,0,0,0,0
Alex MaClean,11,Boston Ball Hockey Team (NBHL MA),2,0,0,0,0,0
Alex Savage,23,Red River Hot Sauce (NBHL TX),2,0,0,0,0,0
Alex Vieira,91,Rhode Island Angry Goats (NBHL NE),2,0,0,0,0,0
Amy Bee,7,Harrisburg Hustle (NBHL PHI),2,0,0,0,0,0
Andrew Goduco,23,Boston Ball Hockey Team (NBHL MA),2,0,0,0,0,0
Andrew Higareda,76,South Jersey Nights Watch (NBHL NJ),3,0,0,0,0,0
Andrew Jacobsen,2,SoCal Royalty (NBHL Cal),1,0,0,0,0,0
Andrew Lawrence,7,Buffalo Goodfellas (NBHL BUF),4,0,0,0,2,0
Andrew Mucerino,22,Marlton Dawgz (NBHL NJ),5,0,0,0,0,0
Andrew Weisenburger,4,Belmont Heights Kings (NBHL CHI),1,0,0,0,0,0
Andy Cool,13,California Wildfires (NBHL Cal),1,0,0,0,0,0
Andy Middleton,33,South Jersey Vikings (NBHL NJ(2)),2,0,0,0,0,0
Anthony Andras,9,Belmont Heights Kings (NBHL CHI),1,0,0,0,0,0
Anthony Biscegila,67,Boston Ball Hockey Team (NBHL MA),2,0,0,0,0,0
Anthony Cillo,4,Mid Jersey Mutants (NBHL NJ(2)),6,0,0,0,0,0
Anthony Citriniti,17,Dallas Fort Worth Marksmen (NBHL TX),3,0,0,0,0,0
Anthony Garver,67,Nickel City Smoke (NBHL BUF),2,0,0,0,4,0
Anthony Martino,24,Belmont Heights Kings (NBHL CHI),1,0,0,0,0,0
Anthony Merrigan,29,Philadelphia Heat (NBHL PHI),2,0,0,0,0,0
Anton Muth,25,Chicago Dolphins (NBHL CHI),1,0,0,0,0,0
Apriano Meola,3,SoCal Royalty (NBHL Cal),2,0,0,0,2,0
Attar Mann,7,Portland Golden Eagles (NBHL PNW),2,0,0,0,0,0
Austin Farmer,4,Red River Hot Sauce (NBHL TX),2,0,0,0,0,0
Austin Hennelly,93,Falls Church Phantoms (NBHL D.C),2,0,0,0,0,0
Austin Mauger,9,Marlton Dawgz (NBHL NJ),3,0,0,0,0,0
BJ Hyvarinen,21,Oak Ridge Owls (NBHL MA),2,0,0,0,0,0
Ben Licona Sr,25,Philadelphia Fear (NBHL PHI),2,0,0,0,0,0
Ben Meyers,30,Pitcairn Governors (NBHL PIT),5,0,0,0,0,0
Bill Dougherty,70,Delco Demons (NBHL PHI),1,0,0,0,0,0
Bill Ellis,71,Portland Golden Eagles (NBHL PNW),2,0,0,0,0,0
Bill Little Sr,99,Chicago Dolphins (NBHL CHI),1,0,0,0,0,0
Bill Rhinier,18,Harrisburg Hustle (NBHL PHI),2,0,0,0,0,0
Bill Yocum,17,Philadelphia Heat (NBHL PHI),2,0,0,0,2,0
Billy Pomfret,55,South Shore Shamrocks (NBHL NE),3,0,0,0,4,0
Billy Sullivan,53,Penn Hills Battalion (NBHL PIT),3,0,0,0,0,0
Billy Wharton,14,Lakeland Caribou (NBHL NJ),5,0,0,0,2,0
Blaise Cotteleise,2,South Jersey Vikings (NBHL NJ(2)),2,0,0,0,0,0
Blaise Cottlesse,9,South Jersey Vikings (NBHL NJ(2)),2,0,0,0,0,0
Blake Fiandaca,88,Lowell Lizard Kings (NBHL MA),1,0,0,0,0,0
Bobby Giem,63,Rhode Island Angry Goats (NBHL NE),2,0,0,0,0,0
Bobby Janski,21,Chicago Dolphins (NBHL CHI),1,0,0,0,0,0
Brady Henderson,24,Burnside Bears (NBHL PNW),1,0,0,0,0,0
Brandon Conley,34,Buffalo 716ers (NBHL BUF),4,0,0,0,2,0
Brandon Cristiano,8,Austin Arsenal (NBHL TX),3,0,0,0,0,0
Brandon Nicholson,18,Central Mass Sea Bass (NBHL MA),6,0,0,0,4,0
Brandon Petticord,1,Mon Valley Warbirds (NBHL PIT),3,0,0,0,0,0
Brandon Snow,22,Oak Ridge Owls (NBHL MA),2,0,0,0,4,0
Brandon Williams,7,Lowell Lizard Kings (NBHL MA),1,0,0,0,0,0
Brendan Keller,23,Harrisburg Hustle (NBHL PHI),2,0,0,0,4,0
Brendan Persicketti,9,South Jersey Atlantis (NBHL NJ(2)),2,0,0,0,0,0
Brendt Winters,26,South Sound Sabercats (NBHL PNW),1,0,0,0,0,0
Brennan Sarazin,20,Boston Ball Hockey Team (NBHL MA),2,0,0,0,0,0
Brett Hendricks,77,Delco Demons (NBHL PHI),1,0,0,0,0,0
Brett Lee,11,Red River Hot Sauce (NBHL TX),2,0,0,0,0,0
Brett Snyder,43,Maryland Sparks (NBHL D.C),5,0,0,0,0,0
Brett Thompson,2,Orange County Wolves (NBHL Cal),1,0,0,0,0,0
Brian Hawn,11,Camden County Cobras (NBHL NJ(2)),1,0,0,0,0,0
Brian Hoyle,2,Philadelphia Fear (NBHL PHI),2,0,0,0,0,0
Brian Malloy,5,Philadelphia Heat (NBHL PHI),2,0,0,0,0,0
Brian Nath,28,Steel City Show Stoppers (NBHL PIT),2,0,0,0,0,0
Brian Schaeffer,61,South Jersey Best Friends (NBHL NJ(2)),2,0,0,0,0,0
Brian Steinmetz,4,Buffalo Goodfellas (NBHL BUF),4,0,0,0,0,0
Brody Wong,44,South Sound Sabercats (NBHL PNW),1,0,0,0,0,0
Bryan Dudek,12,Belmont Heights Kings (NBHL CHI),1,0,0,0,0,0
Bryan Grant,27,Bellmawr Hawks (NBHL NJ),3,0,0,0,0,0
Bryce Cozine,8,Red River Hot Sauce (NBHL TX),2,0,0,0,2,0
Bryce Hollenbeck,24,Mays Landing Mojo (NBHL NJ(2)),6,0,0,0,2,0
CJ Masset,3,Nickel City Smoke (NBHL BUF),2,0,0,0,0,0
Cade Campbell,17,Red River Hot Sauce (NBHL TX),2,0,0,0,0,0
Calvin Kill,19,Chicago Dolphins (NBHL CHI),1,0,0,0,0,0
Cam Colcord,20,Central Mass Sea Bass (NBHL MA),6,0,0,0,0,0
Carl Cayford,9,South Shore Shamrocks (NBHL NE),3,0,0,0,0,0
Carlos Bonanca,72,Southcoast Scrappers (NBHL NE),6,0,0,0,2,0
Carmen Fuccillo,10,Boston Ball Hockey Team (NBHL MA),2,0,0,0,0,0
Casey Griffin,45,Philadelphia Powerhouse (NBHL PHI),1,0,0,0,0,0
Chad Hagan,22,South Jersey Space Pirates (NBHL NJ(2)),5,0,0,0,0,0
Chandler Leger,7,Cleghorn Crooks (NBHL MA),6,0,0,0,0,0
Charles Sgrillo,71,Philadelphia Heat (NBHL PHI),2,0,0,0,0,0
Charlie Novelli,87,Evesham Tortugas (NBHL NJ),1,0,0,0,0,0
Chet Johnson,3,Orange County Wolves (NBHL Cal),2,0,0,0,0,0
Chris Abrams,1,Philadelphia Powerhouse (NBHL PHI),1,0,0,0,0,0
Chris Bauer,8,Chicago Raiders (NBHL CHI),2,0,0,0,0,0
Chris Baumer,81,Harrisburg Hustle (NBHL PHI),2,0,0,0,4,0
Chris Bittner,34,Penn Hills Imperium (NBHL PIT),6,0,0,0,0,0
Chris Carinvale,44,South Jersey Nights Watch (NBHL NJ),4,0,0,0,0,0
Chris Coyne,31,Chicago Dolphins (NBHL CHI),1,0,0,0,0,0
Chris Dinuova,86,Philadelphia Powerhouse (NBHL PHI),1,0,0,0,0,0
Chris Frederick,23,Chicago Raiders (NBHL CHI),2,0,0,0,0,0
Chris Howdeshell,7,Arlington Plague (NBHL D.C),5,0,0,0,0,0
Chris Landowski,7,Chicago Raiders (NBHL CHI),3,0,0,0,2,0
Chris Machado,17,South Shore Shamrocks (NBHL NE),3,0,0,0,0,0
Chris Mylan,18,Arlington Plague (NBHL D.C),3,0,0,0,0,0
Chris OBrien,98,Philadelphia Heat (NBHL PHI),2,0,0,0,0,0
Chris Reiger,96,Belmont Heights Kings (NBHL CHI),1,0,0,0,0,0
Chris Sylvia,6,South Shore Shamrocks (NBHL NE),3,0,0,0,0,0
Chris Torres,18,Bay Area Bashers (NBHL Cal),1,0,0,0,2,0
Chris Welker,18,South Jersey Space Pirates (NBHL NJ(2)),3,0,0,0,0,0
Chris Welker,12,South Jersey Vikings (NBHL NJ(2)),2,0,0,0,0,0
Chris Woods,4,South Shore Shamrocks (NBHL NE),3,0,0,0,0,0
Chris Young,6,New Jersey Dudes (NBHL NJ(2)),2,0,0,0,0,0
Christopher Langstaff,24,Portland Golden Eagles (NBHL PNW),2,0,0,0,0,0
Christopher Moehling,7,Burnside Bears (NBHL PNW),1,0,0,0,0,0
Chuck Cleland-Pass,19,Dallas Fort Worth Marksmen (NBHL TX),3,0,0,0,0,0
Cody Begdorian,22,Burnside Bears (NBHL PNW),1,0,0,0,0,0
Cody Brenner,5,Penn Hills Battalion (NBHL PIT),5,0,0,0,0,0
Cody Speroff,6,Belmont Heights Kings (NBHL CHI),1,0,0,0,0,0
Cody Swift,0,Oak Ridge Owls (NBHL MA),2,0,0,0,2,0
Cody Wright,27,South Jersey Best Friends (NBHL NJ(2)),2,0,0,0,0,0
Colby Stewart,88,Red River Hot Sauce (NBHL TX),2,0,0,0,0,0
Cole LaForce,3,Rhode Island Angry Goats (NBHL NE),2,0,0,0,0,0
Colin Gallison,54,Burnside Bears (NBHL PNW),1,0,0,0,0,0
Colin Reilly,5,South Shore Shamrocks (NBHL NE),3,0,0,0,0,0
Connor Gibbons,13,South Jersey Best Friends (NBHL NJ(2)),3,0,0,0,0,0
Connor McCanney,40,Delco Demons (NBHL PHI),1,0,0,0,0,0
Connor Stutz,13,Mon Valley Warbirds (NBHL PIT),3,0,0,0,4,0
Cooper Yeager,18,South Jersey Atlantis (NBHL NJ(2)),2,0,0,0,0,0
Corey Dinger,5,Red River Hot Sauce (NBHL TX),2,0,0,0,0,0
Corey Grande,14,Steel City Show Stoppers (NBHL PIT),2,0,0,0,0,0
Cory Issacs,19,Nickel City Smoke (NBHL BUF),2,0,0,0,0,0
Cory Powders,19,Harrisburg Hustle (NBHL PHI),2,0,0,0,0,0
Cory Shelest,18,Seattle Cold Snacks (NBHL PNW),2,0,0,0,0,0
Craig Steedle,26,Pittsburgh Pioneers (NBHL PIT),6,0,0,0,4,0
Curtis Voak,17,Liverpool Hockey Club (NBHL BUF),2,0,0,0,0,0
Dakota Williams,11,Portland Golden Eagles (NBHL PNW),2,0,0,0,0,0
Damon Leeper,14,Philadelphia Fear (NBHL PHI),2,0,0,0,2,0
Dan Brady,9,Philadelphia Fear (NBHL PHI),2,0,0,0,0,0
Dan Dallala,67,Seattle Cold Snacks (NBHL PNW),2,0,0,0,0,0
Dan Geatens,22,Bellmawr Hawks (NBHL NJ),3,0,0,0,2,0
Dan Gregory,21,Pittsburgh Pioneers (NBHL PIT),1,0,0,0,0,0
Dan Grivnovics,86,Philadelphia Heat (NBHL PHI),2,0,0,0,0,0
Dan Mach,8,Seattle Cold Snacks (NBHL PNW),2,0,0,0,0,0
Dan Redner,88,South Jersey Best Friends (NBHL NJ(2)),4,0,0,0,2,0
Dan Schulke,24,Philadelphia Powerhouse (NBHL PHI),1,0,0,0,0,0
Dan Skemp,19,Austin Arsenal (NBHL TX),3,0,0,0,0,0
Dan Steele,61,South Jersey Space Pirates (NBHL NJ(2)),5,0,0,0,2,0
Dan Stern,76,California Wildfires (NBHL Cal),1,0,0,0,0,0
Dan Walkley,22,Lowell Lizard Kings (NBHL MA),1,0,0,0,0,0
Daniel Bruton,77,Philadelphia Powerhouse (NBHL PHI),1,0,0,0,0,0
Daniel Croteau,28,Rhode Island Angry Goats (NBHL NE),2,0,0,0,0,0
Daniel Julia,25,Camden County Cobras (NBHL NJ(2)),2,0,0,0,0,0
Daniel Parker,26,Portland Golden Eagles (NBHL PNW),2,0,0,0,0,0
Daniel Poirier,12,Lowell Lizard Kings (NBHL MA),1,0,0,0,0,0
Daniel Ruberg,19,Falls Church Phantoms (NBHL D.C),2,0,0,0,4,0
Daniel Taibleson,27,Seattle Leafs (NBHL PNW),2,0,0,0,0,0
Danny Brennan,57,Rhode Island Angry Goats (NBHL NE),2,0,0,0,0,0
Danny Chambers,7,South Jersey Vikings (NBHL NJ(2)),2,0,0,0,0,0
Danny Thomas,31,South Sound Sabercats (NBHL PNW),1,0,0,0,0,0
Dante Massaro,72,South Shore Shamrocks (NBHL NE),3,0,0,0,0,0
Darren Singh,93,Seattle Leafs (NBHL PNW),2,0,0,0,0,0
Dave Foulnier,52,Pennsylvania Nights Watch (NBHL PHI),2,0,0,0,0,0
Dave Hanly,15,South Jersey Atlantis (NBHL NJ(2)),2,0,0,0,0,0
Dave Reaser,55,Harrisburg Hustle (NBHL PHI),2,0,0,0,10,0
Davey McArdle,1,New Jersey Dudes (NBHL NJ(2)),2,0,0,0,0,0
David Fetherstonhaugh,93,Bay Area Bashers (NBHL Cal),1,0,0,0,0,0
David Kahn,16,Burnside Bears (NBHL PNW),1,0,0,0,0,0
Deniel Sosa,71,South Sound Sabercats (NBHL PNW),1,0,0,0,0,0
Denielle Strohmier,67,Chicago Southsiders (NBHL CHI),3,0,0,0,0,0
Dennis Smith,9,Buffalo 716ers (NBHL BUF),4,0,0,0,0,0
Derek Boughner,12,Rhode Island Angry Goats (NBHL NE),2,0,0,0,0,0
Derek Dagesse,37,Rhode Island Angry Goats (NBHL NE),2,0,0,0,0,0
Derek Kania,61,Nickel City Smoke (NBHL BUF),2,0,0,0,0,0
Derek Stella,4,Boston Ball Hockey Team (NBHL MA),2,0,0,0,0,0
Devin Chiero,94,Las Vegas Shiners (NBHL Cal),1,0,0,0,0,0
Devin Kaschinske,2,California Wildfires (NBHL Cal),1,0,0,0,0,0
Dom Anastasia,14,Delco Demons (NBHL PHI),1,0,0,0,0,0
Dom Bartolli,33,Mon Valley Warbirds (NBHL PIT),3,0,0,0,0,0
Dom Castle,91,Philadelphia Heat (NBHL PHI),2,0,0,0,0,0
Dom Divito,2,Evesham Tortugas (NBHL NJ),1,0,0,0,0,0
Dominic Crofoot,97,Falls Church Phantoms (NBHL D.C),2,0,0,0,0,0
Don Tash,11,South Jersey Space Pirates (NBHL NJ(2)),5,0,0,0,0,0
Drew Hebert,3,Red River Hot Sauce (NBHL TX),2,0,0,0,0,0
Drew Lawson,11,Las Vegas Shiners (NBHL Cal),1,0,0,0,0,0
Drew Mervin,24,Delco Demons (NBHL PHI),1,0,0,0,0,0
Duval Silva,34,Southcoast Scrappers (NBHL NE),6,0,0,0,6,0
Dylan Duarte,13,Rhode Island Angry Goats (NBHL NE),2,0,0,0,0,0
Ed Mily,13,Portland Golden Eagles (NBHL PNW),2,0,0,0,0,0
Ed Parsons,7,Bay Area Bashers (NBHL Cal),1,0,0,0,0,0
Eddy Scott,88,South Jersey Vikings (NBHL NJ(2)),2,0,0,0,0,0
Eileen Meslar,21,Chicago Southsiders (NBHL CHI),3,0,0,0,0,0
Emmett Blank,28,Seattle Leafs (NBHL PNW),2,0,0,0,0,0
Eric Cathcart,6,Lakeland Caribou (NBHL NJ),5,0,0,0,0,0
Eric Gladfelter,0,Evesham Tortugas (NBHL NJ),1,0,0,0,0,0
Eric Konieczki,77,Chicago Dolphins (NBHL CHI),1,0,0,0,0,0
Eric Martin,95,Chicago Southsiders (NBHL CHI),1,0,0,0,0,0
Eric Newton,99,Cleghorn Crooks (NBHL MA),6,0,0,0,0,0
Eric Stelzel,96,Austin Arsenal (NBHL TX),4,0,0,0,2,0
Erik Hogeberg,29,South Sound Sabercats (NBHL PNW),1,0,0,0,0,0
Erik Moore,44,Seattle Leafs (NBHL PNW),2,0,0,0,0,0
Erik Wachal,98,Belmont Heights Kings (NBHL CHI),1,0,0,0,0,0
Ethan Fisher,13,South Jersey Atlantis (NBHL NJ(2)),2,0,0,0,0,0
Ethan Robinson,5,Steel City Show Stoppers (NBHL PIT),2,0,0,0,0,0
Faraz Quraishi,9,Dallas Fort Worth Marksmen (NBHL TX),3,0,0,0,0,0
Francis Zott,11,New Jersey Dudes (NBHL NJ(2)),2,0,0,0,0,0
Frank Ianni,21,Delco Demons (NBHL PHI),1,0,0,0,0,0
Frank Pyzik,88,Mid Jersey Mutants (NBHL NJ(2)),6,0,0,0,4,0
Fred Coletta,33,Chicago Raiders (NBHL CHI),2,0,0,0,0,0
Freddy Hunt,21,Steel City Show Stoppers (NBHL PIT),2,0,0,0,0,0
Freddy Lugo,11,Buffalo Goodfellas (NBHL BUF),4,0,0,0,0,0
Gabe Hatley,24,South Sound Sabercats (NBHL PNW),1,0,0,0,0,0
Garett Pfeiffer,35,Red River Hot Sauce (NBHL TX),2,0,0,0,9,0
Garret Bambrough,10,Penn Hills Battalion (NBHL PIT),4,0,0,0,0,0
Garret Derienzo,59,Mon Valley Warbirds (NBHL PIT),3,0,0,0,2,0
Garrett Gillie,61,Mon Valley Warbirds (NBHL PIT),3,0,0,0,0,0
Gary Peters,15,California Wildfires (NBHL Cal),1,0,0,0,2,0
Gavin McGinty,99,Philadelphia Powerhouse (NBHL PHI),1,0,0,0,0,0
George Szczublewski,1,Buffalo Goodfellas (NBHL BUF),4,0,0,0,0,0
Giuseppe Meola,20,SoCal Royalty (NBHL Cal),1,0,0,0,0,0
Glenn Bloom,11,Pennsylvania Nights Watch (NBHL PHI),2,0,0,0,0,0
Grant Sharlow,48,Burnside Bears (NBHL PNW),1,0,0,0,0,0
Greg Nevano,4,Arlington Plague (NBHL D.C),5,0,0,0,0,0
Greg Weideman,12,Philadelphia Fear (NBHL PHI),2,0,0,0,0,0
Gregory Rothenberger,12,Camden County Cobras (NBHL NJ(2)),2,0,0,0,0,0
Griffin McGinness,80,South Jersey Atlantis (NBHL NJ(2)),2,0,0,0,0,0
Gus Gittinger,12,South Jersey Nights Watch (NBHL NJ),4,0,0,0,6,0
Guthrie Shriver,11,Burnside Bears (NBHL PNW),1,0,0,0,0,0
Harry Staley,19,South Jersey Vikings (NBHL NJ(2)),2,0,0,0,0,0
Hecatese Simpson,15,Penn Hills Battalion (NBHL PIT),6,0,0,0,0,0
Howie Scholl,8,Liverpool Hockey Club (NBHL BUF),2,0,0,0,0,0
Ian Amaral,53,Rhode Island Angry Goats (NBHL NE),2,0,0,0,0,0
Ian Gordon,7,Mid Jersey Mutants (NBHL NJ(2)),6,0,0,0,0,0
Ioannhas Tsiaras,44,South Jersey Vikings (NBHL NJ(2)),2,0,0,0,0,0
Issac Cowlishaw,2,South Sound Sabercats (NBHL PNW),1,0,0,0,0,0
Issac Neven,91,Chicago Southsiders (NBHL CHI),1,0,0,0,0,0
JJ Deviney,12,Pennsylvania Nights Watch (NBHL PHI),2,0,0,0,0,0
JP Uehlinger,19,Arlington Plague (NBHL D.C),4,0,0,0,0,0
JT Keuler,20,South Jersey Space Pirates (NBHL NJ(2)),5,0,0,0,0,0
Jack Gallen,4,Lakeland Caribou (NBHL NJ),5,0,0,0,2,0
Jacob Brown,6,Seattle Cold Snacks (NBHL PNW),2,0,0,0,2,0
Jacob Fetzer,83,Steel City Show Stoppers (NBHL PIT),2,0,0,0,0,0
Jacob Patora,87,Orange County Wolves (NBHL Cal),2,0,0,0,4,0
Jake Maska,60,South Jersey Nights Watch (NBHL NJ),4,0,0,0,0,0
Jake Sepe,14,Penn Hills Battalion (NBHL PIT),5,0,0,0,0,0
Jake Shrader,94,Pitcairn Governors (NBHL PIT),5,0,0,0,4,0
Jakobi Woodall,30,Penn Hills Imperium (NBHL PIT),3,0,0,0,0,0
James Donlan,18,South Shore Shamrocks (NBHL NE),3,0,0,0,0,0
James Gannon,5,Seattle Cold Snacks (NBHL PNW),2,0,0,0,0,0
James Johnston,25,South Sound Sabercats (NBHL PNW),1,0,0,0,0,0
James Leane,32,Belmont Heights Kings (NBHL CHI),1,0,0,0,0,0
James Privito,55,Evesham Tortugas (NBHL NJ),1,0,0,0,0,0
James Whitaker,9,South Sound Sabercats (NBHL PNW),1,0,0,0,0,0
Jameson Brideau,71,Twin City Classics (NBHL MA),1,0,0,0,0,0
Jarad Stiles,21,Pennsylvania Nights Watch (NBHL PHI),2,0,0,0,0,0
Jared Bulinski,94,Buffalo Goodfellas (NBHL BUF),4,0,0,0,4,0
Jared Stek,8,South Sound Sabercats (NBHL PNW),1,0,0,0,0,0
Jarod Albert,9,Twin City Classics (NBHL MA),1,0,0,0,0,0
Jarod Freese,2,Delco Demons (NBHL PHI),1,0,0,0,0,0
Jarrod Hatfield,30,Bay Area Bashers (NBHL Cal),1,0,0,0,0,0
Jason Hickman,10,Delco Demons (NBHL PHI),1,0,0,0,0,0
Jason Moore,28,Red River Hot Sauce (NBHL TX),2,0,0,0,2,0
Jason Rejniak,7,Philadelphia Heat (NBHL PHI),2,0,0,0,7,0
Jason Whitenight,68,Buffalo 716ers (NBHL BUF),4,0,0,0,0,0
Jay Clark,16,Seattle Cold Snacks (NBHL PNW),2,0,0,0,0,0
Jay Garner,19,Oak Ridge Owls (NBHL MA),2,0,0,0,0,0
Jeff Dunn,25,Falls Church Phantoms (NBHL D.C),1,0,0,0,0,0
Jeff Lockner,70,Philadelphia Fear (NBHL PHI),2,0,0,0,2,0
Jeff Rigby,2,Philadelphia Powerhouse (NBHL PHI),1,0,0,0,0,0
Jeff Stare,2,Belmont Heights Kings (NBHL CHI),1,0,0,0,0,0
Jeff Wong,91,Bay Area Bashers (NBHL Cal),1,0,0,0,0,0
Jeremy Allen,2,Rhode Island Angry Goats (NBHL NE),2,0,0,0,0,0
Jerred Voyles,1,Dallas Fort Worth Marksmen (NBHL TX),4,0,0,0,0,0
Jerrod Stengel,93,Las Vegas Shiners (NBHL Cal),1,0,0,0,0,0
Jerry Green,22,Washington D.C Haze (NBHL D.C),1,0,0,0,0,0
Jesse Anderson,91,Red River Hot Sauce (NBHL TX),2,0,0,0,0,0
Jevon Filette,2,Philadelphia Heat (NBHL PHI),2,0,0,0,0,0
Jim Burns,7,Camden County Cobras (NBHL NJ(2)),2,0,0,0,4,0
Jim Dougherty,1,Pitcairn Governors (NBHL PIT),4,0,0,0,2,0
Jim Morrel,96,Delco Demons (NBHL PHI),1,0,0,0,0,0
Jim Potash,17,Mid Jersey Mutants (NBHL NJ(2)),6,0,0,0,0,0
Jim Rogowski,77,Nickel City Smoke (NBHL BUF),2,0,0,0,2,0
Jimmy Lowry,77,South Jersey Vikings (NBHL NJ(2)),2,0,0,0,0,0
Joe Bocella,9,Delco Demons (NBHL PHI),1,0,0,0,0,0
Joe Carpino,77,Philadelphia Heat (NBHL PHI),2,0,0,0,0,0
Joe Fisher,7,Delco Demons (NBHL PHI),1,0,0,0,0,0
Joe Huntress,24,Lowell Lizard Kings (NBHL MA),1,0,0,0,0,0
Joe Labella,71,Lowell Lizard Kings (NBHL MA),1,0,0,0,0,0
Joe Mazza,17,Pitcairn Governors (NBHL PIT),4,0,0,0,0,0
Joe Pascitti,3,South Jersey Vikings (NBHL NJ(2)),2,0,0,0,0,0
Joe Pier,30,Philadelphia Fear (NBHL PHI),2,0,0,0,0,0
Joe Wlodarek,24,Chicago Dolphins (NBHL CHI),1,0,0,0,0,0
Joey Ivan,19,Mon Valley Warbirds (NBHL PIT),3,0,0,0,2,0
Joey Russo,7,South Jersey Vikings (NBHL NJ(2)),2,0,0,0,0,0
John Hiddemen,66,Burnside Bears (NBHL PNW),1,0,0,0,2,0
John Leane,11,Belmont Heights Kings (NBHL CHI),1,0,0,0,0,0
John Mayo,67,California Wildfires (NBHL Cal),1,0,0,0,2,0
John Motto,71,Philadelphia Powerhouse (NBHL PHI),1,0,0,0,0,0
John Nicoletti,22,Philadelphia Heat (NBHL PHI),2,0,0,0,0,0
John Palantine,14,Philadelphia Powerhouse (NBHL PHI),1,0,0,0,0,0
John Pirollo,13,Camden County Cobras (NBHL NJ(2)),2,0,0,0,0,0
John Stewart,27,Marlton Dawgz (NBHL NJ),1,0,0,0,0,0
Jon Pollock,19,Central Mass Sea Bass (NBHL MA),6,0,0,0,0,0
Jon Quick,12,Bay Area Bashers (NBHL Cal),1,0,0,0,0,0
Jonathan Giovannucci,18,Rhode Island Angry Goats (NBHL NE),2,0,0,0,0,0
Jonny Firrinicieli,8,Pennsylvania Nights Watch (NBHL PHI),2,0,0,0,0,0
Jordan Ashley,12,Chicago Raiders (NBHL CHI),1,0,0,0,0,0
Jordan Crowley,6,Rhode Island Angry Goats (NBHL NE),2,0,0,0,0,0
Jordan Lauro,91,Pennsylvania Nights Watch (NBHL PHI),2,0,0,0,0,0
Jordan Martiniak,0,Chicago Dolphins (NBHL CHI),1,0,0,0,0,0
Jordan Mauro,23,Twin City Classics (NBHL MA),1,0,0,0,0,0
Jordan Pynn,6,SoCal Royalty (NBHL Cal),1,0,0,0,0,0
Jordan Romano,8,Bellmawr Hawks (NBHL NJ),3,0,0,0,0,0
Jordan Smith,11,SoCal Royalty (NBHL Cal),2,0,0,0,0,0
Jorden Senecal,94,Lowell Lizard Kings (NBHL MA),1,0,0,0,0,0
Joseph Garofalo,21,Burnside Bears (NBHL PNW),1,0,0,0,0,0
Joseph Sperazza,15,Buffalo 716ers (NBHL BUF),4,0,0,0,0,0
Josh Cramer,13,Belmont Heights Kings (NBHL CHI),1,0,0,0,0,0
Josh Gibson,3,Philadelphia Fear (NBHL PHI),2,0,0,0,0,0
Josh Work,5,Seattle Leafs (NBHL PNW),2,0,0,0,0,0
Joshua Ash,36,Portland Golden Eagles (NBHL PNW),2,0,0,0,2,0
Joshua Harp,5,South Sound Sabercats (NBHL PNW),1,0,0,0,0,0
Jude Barren,9,Liverpool Hockey Club (NBHL BUF),2,0,0,0,0,0
Julian Pinto III,12,South Jersey Atlantis (NBHL NJ(2)),2,0,0,0,0,0
Justin Amalfitano,23,Providence Iron Stags (NBHL NE),5,0,0,0,0,0
Justin Furtado,8,Southcoast Scrappers (NBHL NE),6,0,0,0,0,0
Justin Haines,28,Penn Hills Battalion (NBHL PIT),6,0,0,0,0,0
Justin Ker,88,Bay Area Bashers (NBHL Cal),1,0,0,0,2,0
Justin Lee,87,Twin City Classics (NBHL MA),1,0,0,0,0,0
Justin Manuel,65,Delco Demons (NBHL PHI),1,0,0,0,0,0
Justin Miller,11,Pitcairn Governors (NBHL PIT),5,0,0,0,0,0
Justin Mitchell,8,Burnside Bears (NBHL PNW),1,0,0,0,0,0
Justin Myers,20,Buffalo 716ers (NBHL BUF),4,0,0,0,0,0
Justin Parker,17,Lowell Lizard Kings (NBHL MA),1,0,0,0,0,0
Justin Waldmiller,7,Liverpool Hockey Club (NBHL BUF),2,0,0,0,0,0
Justin Yenn,38,South Sound Sabercats (NBHL PNW),1,0,0,0,0,0
Kaleb Lester,22,Penn Hills Battalion (NBHL PIT),6,0,0,0,2,0
Karl Weigand,89,Mon Valley Warbirds (NBHL PIT),2,0,0,0,0,0
Keeryn Horton,91,Nickel City Smoke (NBHL BUF),2,0,0,0,0,0
Keith Powders,5,Harrisburg Hustle (NBHL PHI),2,0,0,0,0,0
Keith Waldrop,3,Las Vegas Shiners (NBHL Cal),1,0,0,0,0,0
Kelli Jo Broadhurst,13,Maryland Sparks (NBHL D.C),5,0,0,0,0,0
Ken Trox,49,Burnside Bears (NBHL PNW),1,0,0,0,0,0
Kenny Jones,98,Bay Area Bashers (NBHL Cal),1,0,0,0,0,0
Kenny Patrone,12,Bellmawr Hawks (NBHL NJ),3,0,0,0,2,0
Kenny Schmidt,97,Chicago Raiders (NBHL CHI),2,0,0,0,0,0
Kevin Bever,23,Orange County Wolves (NBHL Cal),2,0,0,0,0,0
Kevin Elfenbein,8,Washington D.C Haze (NBHL D.C),1,0,0,0,2,0
Kevin Fischer,74,Liverpool Hockey Club (NBHL BUF),2,0,0,0,0,0
Kevin Long,22,Liverpool Hockey Club (NBHL BUF),2,0,0,0,0,0
Kevin Ober,3,Camden County Cobras (NBHL NJ(2)),2,0,0,0,0,0
Kevin Osherow,10,Evesham Tortugas (NBHL NJ),1,0,0,0,0,0
Kevin Perlow,24,Washington D.C Haze (NBHL D.C),3,0,0,0,2,0
Kevin Racine,8,Seattle Leafs (NBHL PNW),2,0,0,0,0,0
Kevin Robbins,12,Las Vegas Shiners (NBHL Cal),1,0,0,0,0,0
Kolby Barber,88,South Jersey Atlantis (NBHL NJ(2)),2,0,0,0,0,0
Kyle Ballschneider,93,New Jersey Dudes (NBHL NJ(2)),2,0,0,0,0,0
Kyle Bokuniewicz,19,Lowell Lizard Kings (NBHL MA),1,0,0,0,0,0
Kyle Eichinger,77,Pennsylvania Nights Watch (NBHL PHI),2,0,0,0,0,0
Kyle Hassay,7,California Wildfires (NBHL Cal),1,0,0,0,0,0
Kyle Kauffman,17,Philadelphia Fear (NBHL PHI),2,0,0,0,0,0
Kyle Koskovich,4,South Sound Sabercats (NBHL PNW),1,0,0,0,0,0
Kyle Laggner,15,Portland Golden Eagles (NBHL PNW),2,0,0,0,0,0
Kyle Lanich,17,Buffalo Goodfellas (NBHL BUF),4,0,0,0,2,0
Kyle Pacheco,3,Providence Iron Stags (NBHL NE),5,0,0,0,2,0
Larry Walker,2,Camden County Cobras (NBHL NJ(2)),2,0,0,0,2,0
Lee Nogler,33,Lowell Lizard Kings (NBHL MA),1,0,0,0,0,0
Lemar Ortiz,4,Austin Arsenal (NBHL TX),3,0,0,0,0,0
Lenny Owen,8,Seattle Leafs (NBHL PNW),2,0,0,0,0,0
Lenny Rieco,5,Philadelphia Fear (NBHL PHI),2,0,0,0,0,0
Leo Trombley,13,Boston Ball Hockey Team (NBHL MA),2,0,0,0,0,0
Lester Wilson,33,Cleghorn Crooks (NBHL MA),5,0,0,0,0,0
Logan Everett,88,Central Mass Sea Bass (NBHL MA),6,0,0,0,0,0
Logan Winters,13,South Sound Sabercats (NBHL PNW),1,0,0,0,2,0
London Peters,16,California Wildfires (NBHL Cal),1,0,0,0,0,0
Lorissa Sernus,26,Chicago Southsiders (NBHL CHI),3,0,0,0,0,0
Lou Mangini,3,Chicago Southsiders (NBHL CHI),3,0,0,0,0,0
Luke Jones,81,Red River Hot Sauce (NBHL TX),2,0,0,0,0,0
Luke Pajari,77,Twin City Classics (NBHL MA),1,0,0,0,0,0
Marc Bass,4,Falls Church Phantoms (NBHL D.C),2,0,0,0,0,0
Marc Belbis,94,Burnside Bears (NBHL PNW),1,0,0,0,0,0
Marek Skosnik,23,SoCal Royalty (NBHL Cal),2,0,0,0,2,0
Mario Corsaro,4,Camden County Cobras (NBHL NJ(2)),2,0,0,0,2,0
Mark Abrams,10,Philadelphia Powerhouse (NBHL PHI),1,0,0,0,0,0
Mark Farenga,13,Chicago Dolphins (NBHL CHI),1,0,0,0,0,0
Mark Kiesel,90,Pitcairn Governors (NBHL PIT),4,0,0,0,0,0
Mark Lesher,81,Bellmawr Hawks (NBHL NJ),3,0,0,0,0,0
Mark Lukaszewicz,7,Belmont Heights Kings (NBHL CHI),1,0,0,0,0,0
Mark Mager,94,Maryland Sparks (NBHL D.C),6,0,0,0,0,0
Mark ONeill,19,South Shore Shamrocks (NBHL NE),3,0,0,0,0,0
Mark Quillen,12,New Jersey Dudes (NBHL NJ(2)),1,0,0,0,0,0
Mark Rekasis,21,Chicago Raiders (NBHL CHI),1,0,0,0,0,0
Mark Surra,23,Las Vegas Shiners (NBHL Cal),1,0,0,0,0,0
Marty Overline,80,Philadelphia Heat (NBHL PHI),2,0,0,0,0,0
Mason Cook,11,California Wildfires (NBHL Cal),1,0,0,0,0,0
Mason Jeggers,29,Belmont Heights Kings (NBHL CHI),1,0,0,0,0,0
Mathew Albert,51,Twin City Classics (NBHL MA),1,0,0,0,0,0
Mathew Kramsky,17,Camden County Cobras (NBHL NJ(2)),2,0,0,0,0,0
Matt Cich,18,Buffalo Goodfellas (NBHL BUF),4,0,0,0,0,0
Matt Cook,17,Harrisburg Hustle (NBHL PHI),2,0,0,0,2,0
Matt Ethell,17,Chicago Dolphins (NBHL CHI),1,0,0,0,0,0
Matt Fair,29,South Jersey Nights Watch (NBHL NJ),4,0,0,0,2,0
Matt Gottfried,11,Bay Area Bashers (NBHL Cal),1,0,0,0,0,0
Matt Halpin,9,Mid Jersey Mutants (NBHL NJ(2)),7,0,0,0,0,0
Matt McClure,88,Rhode Island Angry Goats (NBHL NE),2,0,0,0,0,0
Matt McCormick,9,Bay Area Bashers (NBHL Cal),1,0,0,0,0,0
Matt Migale,24,Steel City Show Stoppers (NBHL PIT),2,0,0,0,0,0
Matt Reyes,66,Austin Arsenal (NBHL TX),3,0,0,0,0,0
Matt Twele,67,Washington D.C Haze (NBHL D.C),1,0,0,0,14,0
Matt Vieira,9,Rhode Island Angry Goats (NBHL NE),2,0,0,0,0,0
Matt Wagner,1,South Jersey Vikings (NBHL NJ(2)),2,0,0,0,0,0
Matt Wheeler,3,Oak Ridge Owls (NBHL MA),2,0,0,0,0,0
Matt Zilinskas,50,Bay Area Bashers (NBHL Cal),1,0,0,0,0,0
Matthew McEntee,33,Philadelphia Powerhouse (NBHL PHI),1,0,0,0,0,0
Matthew R. Stewart,98,Liverpool Hockey Club (NBHL BUF),2,0,0,0,2,0
Matthew Stewart,29,Liverpool Hockey Club (NBHL BUF),2,0,0,0,2,0
Matty Dunn,21,South Jersey Best Friends (NBHL NJ(2)),2,0,0,0,0,0
Mavrik Goepfert,72,Pitcairn Governors (NBHL PIT),5,0,0,0,0,0
Mel Clark,5,Arlington Plague (NBHL D.C),3,0,0,0,0,0
Michael Andes,8,Marlton Dawgz (NBHL NJ),4,0,0,0,4,0
Michael Bauer,10,South Jersey Atlantis (NBHL NJ(2)),2,0,0,0,0,0
Michael DiLorenzo,22,SoCal Royalty (NBHL Cal),1,0,0,0,0,0
Michael Dipompeo,26,Philadelphia Powerhouse (NBHL PHI),1,0,0,0,0,0
Michael Effler,6,South Sound Sabercats (NBHL PNW),1,0,0,0,0,0
Michael McDonald,16,Seattle Leafs (NBHL PNW),2,0,0,0,0,0
Michael ORegan,91,SoCal Royalty (NBHL Cal),2,0,0,0,0,0
Michael Thomson,22,Orange County Wolves (NBHL Cal),2,0,0,0,0,0
Michael Weiss,54,Philadelphia Fear (NBHL PHI),2,0,0,0,0,0
Michael Willmer,12,South Shore Shamrocks (NBHL NE),3,0,0,0,0,0
Michael Yates,26,South Jersey Atlantis (NBHL NJ(2)),2,0,0,0,2,0
Mike Cleary,97,Lowell Lizard Kings (NBHL MA),1,0,0,0,0,0
Mike Costa,11,South Shore Shamrocks (NBHL NE),3,0,0,0,0,0
Mike Davis,37,Lakeland Caribou (NBHL NJ),5,0,0,0,0,0
Mike Duggan,91,Boston Ball Hockey Team (NBHL MA),2,0,0,0,0,0
Mike Gettinger,88,Portland Golden Eagles (NBHL PNW),2,0,0,0,0,0
Mike Hinton,29,Red River Hot Sauce (NBHL TX),2,0,0,0,2,0
Mike Kavanagh,16,Belmont Heights Kings (NBHL CHI),1,0,0,0,0,0
Mike Kelly,3,Delco Demons (NBHL PHI),1,0,0,0,0,0
Mike King,11,Liverpool Hockey Club (NBHL BUF),2,0,0,0,0,0
Mike Magliola,33,Dallas Fort Worth Marksmen (NBHL TX),4,0,0,0,2,0
Mike Malloy Sr,24,Lakeland Caribou (NBHL NJ),3,0,0,0,0,0
Mike Marchese,88,Lakeland Caribou (NBHL NJ),3,0,0,0,0,0
Mike Oakley,68,Nickel City Smoke (NBHL BUF),2,0,0,0,0,0
Mike Sabatini,48,Chicago Raiders (NBHL CHI),3,0,0,0,0,0
Mike Silva,11,Southcoast Scrappers (NBHL NE),6,0,0,0,0,0
Mike Tesauro,22,Dallas Fort Worth Marksmen (NBHL TX),4,0,0,0,0,0
Mike Thistle,5,Austin Arsenal (NBHL TX),3,0,0,0,0,0
Mike Williams,7,Lakeland Caribou (NBHL NJ),3,0,0,0,2,0
Mike Wilson,16,Pennsylvania Nights Watch (NBHL PHI),2,0,0,0,0,0
Mish Freimann,12,Falls Church Phantoms (NBHL D.C),2,0,0,0,0,0
Mitch Callahan,15,Orange County Wolves (NBHL Cal),1,0,0,0,0,0
Murali Parthasarathy,74,Portland Golden Eagles (NBHL PNW),2,0,0,0,0,0
Naim Dokic,23,Mid Jersey Mutants (NBHL NJ(2)),6,0,0,0,0,0
Nate Batallas,10,Oak Ridge Owls (NBHL MA),2,0,0,0,2,0
Nate Castagna,13,Delco Demons (NBHL PHI),1,0,0,0,4,0
Nate LaMay,47,Rhode Island Angry Goats (NBHL NE),2,0,0,0,0,0
Nate Schultz,20,California Wildfires (NBHL Cal),1,0,0,0,0,0
Nicholas Becker,15,Philadelphia Powerhouse (NBHL PHI),1,0,0,0,2,0
Nicholas Higgins,18,Camden County Cobras (NBHL NJ(2)),2,0,0,0,0,0
Nick Andreadas,67,Delco Demons (NBHL PHI),1,0,0,0,0,0
Nick Calabrese,8,Belmont Heights Kings (NBHL CHI),1,0,0,0,0,0
Nick Divito,29,Evesham Tortugas (NBHL NJ),1,0,0,0,0,0
Nick Ganshirt,77,Belmont Heights Kings (NBHL CHI),1,0,0,0,0,0
Nick Gipson,34,South Sound Sabercats (NBHL PNW),1,0,0,0,0,0
Nick King,27,Lowell Lizard Kings (NBHL MA),1,0,0,0,2,0
Nick Paiva,2,Providence Iron Stags (NBHL NE),5,0,0,0,8,0
Nick Phillips,35,Penn Hills Imperium (NBHL PIT),6,0,0,0,0,0
Nick Procopio,6,Dallas Fort Worth Marksmen (NBHL TX),4,0,0,0,4,0
Nick Shank,51,Penn Hills Battalion (NBHL PIT),5,0,0,0,0,0
Nick Vacchio,26,California Wildfires (NBHL Cal),1,0,0,0,0,0
Nico Lazzaroni,3,Belmont Heights Kings (NBHL CHI),1,0,0,0,0,0
Nino Dasaro,90,Buffalo Goodfellas (NBHL BUF),4,0,0,0,0,0
Noah Coutcher,55,Rhode Island Angry Goats (NBHL NE),2,0,0,0,0,0
Noah Danenhower,2,Lakeland Caribou (NBHL NJ),1,0,0,0,0,0
Noel Fitzpatrick,37,SoCal Royalty (NBHL Cal),2,0,0,0,0,0
Owen Haugan,11,Mays Landing Mojo (NBHL NJ(2)),6,0,0,0,0,0
Owen Larkin,8,Portland Golden Eagles (NBHL PNW),2,0,0,0,0,0
Pat Dolan,43,South Shore Shamrocks (NBHL NE),3,0,0,0,0,0
Pat Hickey,21,Marlton Dawgz (NBHL NJ),2,0,0,0,0,0
Pat Weatherby,10,Bellmawr Hawks (NBHL NJ),3,0,0,0,0,0
Patrick Gillard,21,California Wildfires (NBHL Cal),1,0,0,0,0,0
Paul Phillips,36,Washington D.C Haze (NBHL D.C),1,0,0,0,0,0
Paul Roposa,19,Southcoast Scrappers (NBHL NE),6,0,0,0,0,0
Pavel Skalnik,12,SoCal Royalty (NBHL Cal),2,0,0,0,0,0
Pete Becht,10,Bay Area Bashers (NBHL Cal),1,0,0,0,0,0
Preston Rice,72,Penn Hills Battalion (NBHL PIT),6,0,0,0,2,0
RJ Gibbs,86,Liverpool Hockey Club (NBHL BUF),2,0,0,0,2,0
Radim Adamek,84,SoCal Royalty (NBHL Cal),1,0,0,0,0,0
Rafi Guimaraes,5,Rhode Island Angry Goats (NBHL NE),2,0,0,0,2,0
Ralph Wieder,27,Portland Golden Eagles (NBHL PNW),2,0,0,0,0,0
Randall Miller,31,California Wildfires (NBHL Cal),1,0,0,0,2,0
Randy Schifflin,29,Las Vegas Shiners (NBHL Cal),1,0,0,0,0,0
Randy Treibel,21,Seattle Leafs (NBHL PNW),2,0,0,0,0,0
Raul Figueroa Jr,92,Philadelphia Powerhouse (NBHL PHI),1,0,0,0,0,0
Raul Figueroa Sr,3,Philadelphia Powerhouse (NBHL PHI),1,0,0,0,0,0
Ray Yelle,72,Austin Arsenal (NBHL TX),4,0,0,0,0,0
Reiley Wiant,11,Mon Valley Warbirds (NBHL PIT),3,0,0,0,0,0
Reuben Martinez,22,Pennsylvania Nights Watch (NBHL PHI),2,0,0,0,2,0
Rich Guard,3,Buffalo Goodfellas (NBHL BUF),4,0,0,0,0,0
Rich Hellander,13,Evesham Tortugas (NBHL NJ),1,0,0,0,0,0
Rich Wagner,17,Washington D.C Haze (NBHL D.C),1,0,0,0,0,0
Rick Krajewski,33,California Wildfires (NBHL Cal),1,0,0,0,0,0
Rick Martinez,8,Las Vegas Shiners (NBHL Cal),1,0,0,0,0,0
Rick Scarsella,89,Nickel City Smoke (NBHL BUF),2,0,0,0,0,0
Rick Zinger,16,Pitcairn Governors (NBHL PIT),4,0,0,0,0,0
Ricky Hess,97,Mays Landing Mojo (NBHL NJ(2)),2,0,0,0,0,0
Ricky Mastropietro,7,Boston Ball Hockey Team (NBHL MA),1,0,0,0,0,0
Riley Spencer,16,Red River Hot Sauce (NBHL TX),2,0,0,0,0,0
Rob Basile,25,Bellmawr Hawks (NBHL NJ),3,0,0,0,0,0
Rob Marciano,23,Chicago Dolphins (NBHL CHI),1,0,0,0,0,0
Rob Sangha,4,SoCal Royalty (NBHL Cal),2,0,0,0,6,0
Rob Shourds,50,South Jersey Space Pirates (NBHL NJ(2)),5,0,0,0,4,0
Robby Carpenter,28,Twin City Classics (NBHL MA),1,0,0,0,0,0
Robby Mangini,72,Mid Jersey Mutants (NBHL NJ(2)),5,0,0,0,0,0
Robert Candeloro,2,Burnside Bears (NBHL PNW),1,0,0,0,0,0
Robert Griffith,68,Camden County Cobras (NBHL NJ(2)),2,0,0,0,0,0
Robert Halyama,32,Steel City Show Stoppers (NBHL PIT),2,0,0,0,4,0
Robert Thayne,5,Burnside Bears (NBHL PNW),1,0,0,0,0,0
Rodney Stahl,97,Philadelphia Heat (NBHL PHI),2,0,0,0,0,0
Ross McMullan,13,Las Vegas Shiners (NBHL Cal),1,0,0,0,0,0
Russel England,55,Chicago Dolphins (NBHL CHI),1,0,0,0,0,0
Ryan Alves,88,Southcoast Scrappers (NBHL NE),6,0,0,0,0,0
Ryan Canoy,42,Chicago Raiders (NBHL CHI),3,0,0,0,0,0
Ryan Gill,77,South Jersey Space Pirates (NBHL NJ(2)),3,0,0,0,0,0
Ryan Gruszka,9,Red River Hot Sauce (NBHL TX),2,0,0,0,0,0
Ryan Kelly,55,South Jersey Nights Watch (NBHL NJ),4,0,0,0,0,0
Ryan Landers,3,Austin Arsenal (NBHL TX),3,0,0,0,0,0
Ryan Long,22,South Jersey Atlantis (NBHL NJ(2)),2,0,0,0,0,0
Ryan Maerker,2,Dallas Fort Worth Marksmen (NBHL TX),4,0,0,0,0,0
Ryan Mannello,44,South Jersey Best Friends (NBHL NJ(2)),4,0,0,0,0,0
Ryan McGinnis,88,Nickel City Smoke (NBHL BUF),2,0,0,0,0,0
Ryan Morrow,33,Evesham Tortugas (NBHL NJ),1,0,0,0,0,0
Ryan Nauman,77,Harrisburg Hustle (NBHL PHI),2,0,0,0,0,0
Ryan Nix,27,Steel City Show Stoppers (NBHL PIT),2,0,0,0,0,0
Ryan Ober,76,Pitcairn Governors (NBHL PIT),5,0,0,0,0,0
Ryan Pavlik,21,Evesham Tortugas (NBHL NJ),1,0,0,0,0,0
Ryan Peralta,71,Central Mass Sea Bass (NBHL MA),6,0,0,0,0,0
Ryan Sutliffe,91,Las Vegas Shiners (NBHL Cal),1,0,0,0,0,0
Ryan Wilson,72,Twin City Classics (NBHL MA),1,0,0,0,0,0
Salvatore Ippolito,85,Seattle Cold Snacks (NBHL PNW),2,0,0,0,0,0
Sam Brinker,12,Washington D.C Haze (NBHL D.C),3,0,0,0,0,0
Sam Espinoza,22,Chicago Raiders (NBHL CHI),1,0,0,0,0,0
Sam Lewis,88,Pitcairn Governors (NBHL PIT),2,0,0,0,0,0
Sam Loster,96,Buffalo Goodfellas (NBHL BUF),4,0,0,0,0,0
Sam Melisi,1,Lowell Lizard Kings (NBHL MA),1,0,0,0,0,0
Sam Stenning,14,Providence Iron Stags (NBHL NE),5,0,0,0,1,0
Sammy Torres,14,Buffalo Goodfellas (NBHL BUF),4,0,0,0,0,0
Scott Daniliuk,13,Lowell Lizard Kings (NBHL MA),1,0,0,0,0,0
Scott Monahan,1,South Jersey Atlantis (NBHL NJ(2)),2,0,0,0,0,0
Scott Phillips,21,South Jersey Vikings (NBHL NJ(2)),2,0,0,0,0,0
Scott Vassallo,1,Bellmawr Hawks (NBHL NJ),3,0,0,0,0,0
Scott Veniziale,25,Marlton Dawgz (NBHL NJ),3,0,0,0,0,0
Scott Wargin,69,Chicago Southsiders (NBHL CHI),3,0,0,0,0,0
Sean Godfrey,27,Red River Hot Sauce (NBHL TX),2,0,0,0,0,0
Sean Leeser,7,South Jersey Atlantis (NBHL NJ(2)),2,0,0,0,0,0
Sean Lynch,28,Mays Landing Mojo (NBHL NJ(2)),6,0,0,0,4,0
Sean Najowicz,3,Mon Valley Warbirds (NBHL PIT),3,0,0,0,0,0
Sean OBrien,65,Belmont Heights Kings (NBHL CHI),1,0,0,0,0,0
Sean Smith,44,SoCal Royalty (NBHL Cal),2,0,0,0,0,0
Sean Vieira,87,Rhode Island Angry Goats (NBHL NE),2,0,0,0,0,0
Seth Ferris,23,Mon Valley Warbirds (NBHL PIT),3,0,0,0,2,0
Shane Ferris,24,Pittsburgh Pioneers (NBHL PIT),5,0,0,0,0,0
Shane Polomarenko,88,Dallas Fort Worth Marksmen (NBHL TX),4,0,0,0,0,0
Shane Stanton,16,Portland Golden Eagles (NBHL PNW),2,0,0,0,0,0
Shaw Steve,77,Penn Hills Imperium (NBHL PIT),6,0,0,0,0,0
Shawn Cress,38,California Wildfires (NBHL Cal),1,0,0,0,10,0
Shayne Mooar,71,Boston Ball Hockey Team (NBHL MA),2,0,0,0,0,0
Stephen Stefan,19,Delco Demons (NBHL PHI),1,0,0,0,0,0
Steve Basile,10,South Jersey Vikings (NBHL NJ(2)),2,0,0,0,0,0
Steve Edwards,0,Philadelphia Powerhouse (NBHL PHI),1,0,0,0,0,0
Steve Emes,22,Harrisburg Hustle (NBHL PHI),2,0,0,0,0,0
Steve Natale,17,California Wildfires (NBHL Cal),1,0,0,0,0,0
Steve Zimmerman,98,Bellmawr Hawks (NBHL NJ),3,0,0,0,8,0
Steven Andre,9,Philadelphia Powerhouse (NBHL PHI),1,0,0,0,0,0
Steven Osherow,12,Evesham Tortugas (NBHL NJ),1,0,0,0,0,0
Steven Saunders,19,Burnside Bears (NBHL PNW),1,0,0,0,0,0
Sumi Dave,0,SoCal Royalty (NBHL Cal),2,0,0,0,0,0
TJ Morris,61,South Jersey Space Pirates (NBHL NJ(2)),5,0,0,0,0,0
Tanner Ruppert,16,Lakeland Caribou (NBHL NJ),5,0,0,0,2,0
Terry ONeill,9,Arlington Plague (NBHL D.C),3,0,0,0,0,0
Tim Hughes,19,Liverpool Hockey Club (NBHL BUF),2,0,0,0,0,0
Tim Komperda,10,Chicago Dolphins (NBHL CHI),1,0,0,0,0,0
Tim Mattonen,24,Seattle Leafs (NBHL PNW),2,0,0,0,0,0
Toby Nunn,44,Austin Arsenal (NBHL TX),4,0,0,0,2,0
Tod Blankenship,77,Portland Golden Eagles (NBHL PNW),2,0,0,0,0,0
Todd Levy,96,Pitcairn Governors (NBHL PIT),4,0,0,0,0,0
Tom Altomare,38,Mid Jersey Mutants (NBHL NJ(2)),5,0,0,0,0,0
Tom Hughes,17,Nickel City Smoke (NBHL BUF),2,0,0,0,0,0
Tom Tramontana,8,New Jersey Dudes (NBHL NJ(2)),1,0,0,0,0,0
Tommy Byrne,79,Philadelphia Heat (NBHL PHI),2,0,0,0,0,0
Tommy McLaughlin,92,Philadelphia Powerhouse (NBHL PHI),1,0,0,0,0,0
Tommy Scott,72,Red River Hot Sauce (NBHL TX),2,0,0,0,0,0
Tommy Sposito,13,Penn Hills Imperium (NBHL PIT),6,0,0,0,0,0
Tony Gavulic,4,Steel City Show Stoppers (NBHL PIT),2,0,0,0,0,0
Travis Bliss,11,Oak Ridge Owls (NBHL MA),2,0,0,0,0,0
Trevor Altmann,55,Lakeland Caribou (NBHL NJ),4,0,0,0,0,0
Tripp Kennedy,19,Philadelphia Powerhouse (NBHL PHI),1,0,0,0,0,0
Tyeler Keith,27,Dallas Fort Worth Marksmen (NBHL TX),3,0,0,0,0,0
Tyler Cook,22,Red River Hot Sauce (NBHL TX),2,0,0,0,0,0
Tyler Grajek,10,South Sound Sabercats (NBHL PNW),1,0,0,0,0,0
Tyler Green,17,Red River Hot Sauce (NBHL TX),2,0,0,0,0,0
Tyler Macinnis,27,Burnside Bears (NBHL PNW),1,0,0,0,0,0
Tyler Ritchie,18,Pittsburgh Pioneers (NBHL PIT),6,0,0,0,4,0
Tyler Schlimme,10,Pennsylvania Nights Watch (NBHL PHI),2,0,0,0,0,0
Tyler Shute,8,South Jersey Vikings (NBHL NJ(2)),2,0,0,0,2,0
Tyler Walters,43,Mon Valley Warbirds (NBHL PIT),3,0,0,0,0,0
Tyler Zimecki,23,Burnside Bears (NBHL PNW),1,0,0,0,0,0
Vic Lord,19,California Wildfires (NBHL Cal),1,0,0,0,0,0
Vince Offer,44,California Wildfires (NBHL Cal),1,0,0,0,0,0
Vincent Payette,32,Seattle Cold Snacks (NBHL PNW),2,0,0,0,0,0
Vincent Scarsella,7,Nickel City Smoke (NBHL BUF),2,0,0,0,0,0
Vinny Lawson Jr,1,Philadelphia Fear (NBHL PHI),2,0,0,0,0,0
Walter Read,24,South Shore Shamrocks (NBHL NE),3,0,0,0,0,0
Wayne Barrett,20,Falls Church Phantoms (NBHL D.C),2,0,0,0,0,0
Will Augustine,97,Delco Demons (NBHL PHI),1,0,0,0,0,0
Will Gallen,47,Lakeland Caribou (NBHL NJ),5,0,0,0,0,0
Will Hughes,81,Philadelphia Fear (NBHL PHI),2,0,0,0,0,0
Will Siracusa,61,New Jersey Dudes (NBHL NJ(2)),2,0,0,0,0,0
William Dodson,98,Nickel City Smoke (NBHL BUF),2,0,0,0,0,0
William Scigliano,9,Las Vegas Shiners (NBHL Cal),1,0,0,0,0,0
William Young,20,Burnside Bears (NBHL PNW),1,0,0,0,0,0
Willie McKeen,85,Mon Valley Warbirds (NBHL PIT),3,0,0,0,0,0
Wyatt Wylie,65,Seattle Leafs (NBHL PNW),2,0,0,0,0,0
Zac Carcanague,17,New Jersey Dudes (NBHL NJ(2)),2,0,0,0,0,0
Zac Cozine,10,Red River Hot Sauce (NBHL TX),2,0,0,0,2,0
Zach Dunn,15,Pennsylvania Nights Watch (NBHL PHI),2,0,0,0,0,0
Zach Grace,14,Marlton Dawgz (NBHL NJ),2,0,0,0,0,0
Zach Sawyer,19,South Jersey Best Friends (NBHL NJ(2)),4,0,0,0,10,0
Zach Trejo,8,Chicago Dolphins (NBHL CHI),1,0,0,0,0,0
Zach Withers,19,Penn Hills Imperium (NBHL PIT),5,0,0,0,2,0
Zachary Amaral,8,Rhode Island Angry Goats (NBHL NE),2,0,0,0,0,0
Zackery Hill,27,Las Vegas Shiners (NBHL Cal),1,0,0,0,0,0
Zdenko Viazanko,81,SoCal Royalty (NBHL Cal),2,0,0,0,0,0
Zenas Kennedy,9,Providence Iron Stags (NBHL NE),5,0,0,0,0,0